1,3.8783185840707963,4.0,0.9268696986778688,5,1
2,3.2061068702290076,3,0.9628009175833634,5,1
3,3.033333333333333,3.0,1.2060035010083692,5,1
4,3.550239234449761,4,0.962757423571732,5,1
5,3.302325581395349,3.0,0.9409268987973914,5,1
6,3.576923076923077,4.0,1.2762046171566968,5,1
7,3.798469387755102,4.0,0.9807835809883646,5,1
8,3.9954337899543377,4,0.999989574808568,5,1
9,3.8963210702341136,4,1.0406229694142033,5,1
10,3.831460674157303,4,1.0082352482775077,5,1
11,3.847457627118644,4.0,1.0666526021288567,5,1
12,4.385767790262173,5,0.8239530131029837,5,1
13,3.4184782608695654,4.0,1.0288690865962966,5,1
14,3.9672131147540983,4,0.9967249065221339,5,1
15,3.7781569965870307,4,0.9785763232386445,5,1
16,3.2051282051282053,3,1.0172735602501217,5,1
17,3.119565217391304,3.0,1.1688194648442785,5,1
18,2.8,3.0,1.2489995996796797,5,1
19,3.9565217391304346,4,1.055486461219312,5,1
20,3.4166666666666665,4.0,1.221906524884598,5,1
21,2.761904761904762,3.0,1.042193744201871,5,1
22,4.151515151515151,4,0.9608179354015445,5,1
23,4.1208791208791204,4.0,0.8495010149489096,5,2
24,3.4482758620689653,4.0,0.997221665597424,5,1
25,3.4436860068259385,4,1.0324443627426791,5,1
26,3.452054794520548,3,0.891990169649299,5,1
27,3.1052631578947367,3,1.0871532199880471,5,1
28,3.931159420289855,4.0,0.8068816989091072,5,2
29,2.6666666666666665,3.0,1.0231244429349704,5,1
30,3.945945945945946,4,0.8365290562455224,5,1
31,3.6298701298701297,4.0,0.8823765040061183,5,1
32,3.7901234567901234,4,1.0507616212816397,5,1
33,3.4536082474226806,4,1.0553801148098747,5,1
34,2.7142857142857144,2,1.2777531299998797,5,1
35,2.1818181818181817,2,1.2662171161076472,5,1
36,2.1538461538461537,2,0.8634593969478326,4,1
37,2.25,2.0,0.9682458365518543,4,1
38,3.0083333333333333,3.0,1.012388539818363,5,1
39,3.264367816091954,3,1.0222779399705366,5,1
40,2.8947368421052633,3,1.1031726261236836,5,1
41,3.081081081081081,3,1.1241423969235365,5,1
42,3.804054054054054,4.0,1.1129385487502783,5,1
43,3.0,3.0,0.8660254037844386,5,1
44,3.3417721518987342,3,1.0048751537716123,5,1
45,4.05,4.0,0.8789197915623471,5,1
46,3.5555555555555554,4,0.9162456945817024,5,1
47,3.601503759398496,4,1.0686218348535266,5,1
48,4.094017094017094,4,0.9694734316888363,5,1
49,3.3209876543209877,3,0.8864850899267277,5,1
50,4.3584905660377355,5,0.8805848201929342,5,1
51,3.45679012345679,4,1.1552284015100829,5,1
52,3.769230769230769,4,0.9027056166115537,5,1
53,2.953125,3.0,1.3220449063382833,5,1
54,3.2403846153846154,3.0,0.8261960131052469,5,1
55,3.704697986577181,4,1.0133561469690566,5,1
56,4.060913705583756,4.0,1.1494183820170771,5,1
57,4.0,4.0,1.140175425099138,5,1
58,3.645714285714286,4,0.8350681262688724,5,1
59,4.0602409638554215,4,1.0101818706628718,5,1
60,4.015625,4.0,1.0531528186236792,5,1
61,3.864406779661017,4,0.9647626759835733,5,1
62,3.141732283464567,3,1.0095949873905263,5,1
63,3.097560975609756,3.0,0.9449449086736835,5,1
64,4.445229681978798,5,0.7656518968205104,5,1
65,3.5391304347826087,4,0.9535923522612346,5,1
66,3.549382716049383,4.0,0.9299705898429637,5,1
67,3.0485436893203883,3,1.2098193781316677,5,1
68,3.417910447761194,4.0,1.108303177058924,5,1
69,3.853582554517134,4,1.0737861799812418,5,1
70,3.6613545816733066,4,0.8886516475908086,5,1
71,3.7818181818181817,4.0,0.9759081382050636,5,1
72,3.193798449612403,3,0.9810413655538834,5,1
73,3.46875,3.0,0.8472151069828724,5,1
74,3.0,3,1.3093073414159542,5,1
75,3.0,4,1.2649110640673518,4,1
76,3.4074074074074074,3.5,0.8502400209814072,5,1
77,3.2781456953642385,3,0.9501407382495863,5,1
78,2.4545454545454546,2,1.1034631185474622,5,1
79,4.044642857142857,4.0,0.8023966280085274,5,1
80,2.764705882352941,3.0,0.9869389256213241,5,1
81,3.5545454545454547,4.0,1.1167026432262221,5,1
82,3.7203065134099615,4,1.0106376263511352,5,1
83,4.0625,4.0,0.8670499225429976,5,1
84,3.0,3.0,1.0,5,1
85,3.0344827586206895,3.0,1.0498853343198846,5,1
86,3.94,4.0,0.9813596010977158,5,1
87,3.9057971014492754,4.0,0.9470601434723751,5,1
88,3.539906103286385,4,1.0091385209988202,5,1
89,4.138181818181818,4,0.9040295468001045,5,1
90,3.0526315789473686,3,1.0893592617259158,5,1
91,3.5874125874125875,4,1.0860119597061413,5,1
92,3.6153846153846154,4.0,0.983593219426494,5,1
93,3.7232142857142856,4.0,1.0624249673386301,5,1
94,3.0875912408759123,3,1.035673570834333,5,1
95,3.8127853881278537,4,0.9099254847138311,5,1
96,4.0067796610169495,4,0.9742210111516666,5,1
97,3.79296875,4.0,1.042134497808914,5,1
98,4.28974358974359,4.0,0.8355237484678584,5,1
99,3.7093023255813953,4.0,0.8939886980942064,5,1
100,4.155511811023622,4.0,0.9747951197308349,5,1
101,3.26027397260274,3,1.1823751028515106,5,1
102,3.1296296296296298,3.0,1.0894493392653866,5,1
103,1.8666666666666667,2,0.8844332774281066,3,1
104,1.4,1,0.8,3,1
105,2.5675675675675675,3.0,0.9597449137602541,5,1
106,2.887323943661972,3,1.0006940658214991,5,1
107,3.5,4.0,1.118033988749895,5,1
108,3.076923076923077,3,1.071414482860317,5,1
109,3.4307692307692306,4.0,1.0879653666607478,5,1
110,2.5161290322580645,3,1.1033955726765847,5,1
111,3.485294117647059,4.0,0.9547504610664361,5,1
112,2.45,2.5,1.2031209415515962,5,1
113,4.111111111111111,4,0.7370277311900889,5,3
114,4.447761194029851,5,0.7587023896799306,5,1
115,3.7333333333333334,4,1.18133634311129,5,1
116,3.824,4,1.0512012176553074,5,1
117,3.693121693121693,4.0,0.9791505286101622,5,1
118,3.2150170648464163,3,1.1045267158020193,5,1
119,4.5,5.0,0.8660254037844386,5,3
120,2.2388059701492535,2,1.0939392359288773,5,1
121,3.438228438228438,4,1.1152817006592075,5,1
122,2.339622641509434,2.0,1.1064714650110001,5,1
123,3.234782608695652,3,0.9809528179285132,5,1
124,4.053475935828877,4,0.911792149131427,5,1
125,3.557377049180328,4.0,0.9670741772952538,5,1
126,3.804123711340206,4,1.0516474582520905,5,1
127,4.283292978208232,5,0.9334446627287791,5,1
128,3.5384615384615383,4,1.0239730026026914,5,1
129,3.8217054263565893,4,0.9437646238148334,5,1
130,2.260869565217391,2,1.2586186805330548,5,1
131,3.7263157894736842,4,1.0305042737280352,5,1
132,4.0772357723577235,4.0,0.9574961426087242,5,1
133,3.871345029239766,4,1.062848403540241,5,1
134,4.292929292929293,5.0,0.8439029726951692,5,2
135,3.969111969111969,4,1.0243236694233468,5,1
136,4.123809523809523,4,0.8911761954506355,5,1
137,3.9005847953216373,4,1.046603924593012,5,1
138,2.5789473684210527,3,1.3500795093032274,5,1
139,2.78,3.0,0.9228217596047463,5,1
140,3.2131147540983607,3,1.1178837456545783,5,1
141,3.5,4.0,0.7264831572567789,5,2
142,3.0701754385964914,3,1.006289852610526,5,1
143,3.765765765765766,4.0,1.1543490420579416,5,1
144,3.8724279835390947,4,0.9407230987476227,5,1
145,2.4461538461538463,3,1.0817474357690426,5,1
146,2.5,3.0,1.118033988749895,4,1
147,3.4702702702702704,4,1.070706981609579,5,1
148,3.203125,3.0,1.0410284503196827,5,1
149,3.0,3,1.2158375177486576,5,1
150,3.828025477707006,4,1.0538273825523468,5,1
151,3.6319018404907975,4.0,1.0935227882967165,5,1
152,3.6341463414634148,4.0,0.9940333596251143,5,1
153,3.785425101214575,4,0.9472473018530613,5,1
154,3.7471264367816093,4.0,0.9793076466424435,5,1
155,3.1020408163265305,3.0,1.138292634072191,5,1
156,3.9864864864864864,4.0,0.9794267937993014,5,1
157,3.6929133858267718,4,1.0000929958618843,5,1
158,2.6166666666666667,3.0,0.9325889889025185,5,1
159,3.227722772277228,3,0.888665571180867,5,1
160,3.463768115942029,4,1.0710919546030069,5,1
161,3.481818181818182,4.0,1.0333688787985724,5,1
162,3.556603773584906,3.0,1.0007562110464387,5,1
163,3.5543478260869565,4.0,0.9367396097146301,5,1
164,3.589403973509934,4,0.9081786093463541,5,1
165,4.109375,4.0,0.8499482980599466,5,1
166,4.120689655172414,4.0,0.7210525402181549,5,3
167,2.955223880597015,3,0.8882791651562093,5,1
168,4.0664556962025316,4.0,0.9930206289680791,5,1
169,4.466101694915254,5.0,0.8201095771125367,5,1
170,4.1735537190082646,4,0.9331160447122275,5,1
171,3.876923076923077,4,1.0001183361935386,5,1
172,4.204359673024523,4,0.9215450604437259,5,1
173,4.172839506172839,4.0,0.9974055660214761,5,1
174,4.252380952380952,4.0,0.8907562584782334,5,1
175,3.8173076923076925,4.0,1.1030065823511919,5,1
176,3.9471830985915495,4.0,0.9273006153689548,5,1
177,3.8613138686131387,4,0.9056391198237342,5,1
178,4.344,4,0.7167035649416008,5,2
179,3.909502262443439,4,1.161583498008457,5,1
180,4.04524886877828,4,0.9690866888274348,5,1
181,4.007889546351085,4,0.9230432064511022,5,1
182,3.9513274336283186,4.0,0.9604216482070482,5,1
183,4.034364261168385,4,0.9262427472126155,5,1
184,3.4310344827586206,4.0,1.1760845173346979,5,1
185,4.100418410041841,4,0.91384048249325,5,1
186,3.8366533864541834,4,0.9240108070214956,5,1
187,4.186602870813397,4,0.9169391772242045,5,1
188,3.6823529411764704,4.0,0.948209020216936,5,1
189,4.106060606060606,4.0,0.9066887454774049,5,1
190,4.137096774193548,4.0,0.9010269894936815,5,1
191,4.163043478260869,4.0,0.8201781431588123,5,1
192,4.120689655172414,4.0,0.9391409538894023,5,1
193,3.917197452229299,4,0.765179995805412,5,2
194,4.058091286307054,4,0.8279022182317888,5,1
195,3.9335548172757475,4,0.9690751427918942,5,1
196,3.9163346613545817,4,0.895413341060088,5,1
197,4.104602510460251,4,0.9156586152833651,5,1
198,4.0078740157480315,4,0.873909335935403,5,1
199,4.175757575757576,4,0.8308558212926855,5,1
200,3.825242718446602,4.0,1.0089616354770148,5,1
201,3.5168539325842696,4,1.171883718879318,5,1
202,3.7642857142857142,4.0,0.9343501506831526,5,1
203,3.868131868131868,4.0,0.9043094774259771,5,1
204,3.834285714285714,4.0,0.9108686143747969,5,1
205,3.9926470588235294,4.0,0.9586780384022973,5,1
206,3.38,4.0,1.11157545852722,5,1
207,3.8181818181818183,4.0,0.9986216395929747,5,1
208,3.945,4.0,0.9010965542049303,5,2
209,3.905759162303665,4,1.003406931804348,5,1
210,3.930513595166163,4,0.8749653643362038,5,1
211,3.912621359223301,4.0,0.9148907952924075,5,1
212,3.4565217391304346,4.0,1.2372220239245382,5,1
213,3.985074626865672,4.0,0.9059099048055833,5,2
214,3.3508771929824563,3.0,1.1545672550016066,5,1
215,3.69811320754717,4.0,1.0248774553598128,5,1
216,3.910344827586207,4.0,0.8860391629805738,5,1
217,3.158333333333333,3.0,1.0723481503483638,5,1
218,3.456140350877193,3,0.9061874786066643,5,1
219,3.171171171171171,3,1.3074552263456782,5,1
220,3.3636363636363638,3.0,1.1366666262733973,5,1
221,3.72972972972973,4.0,1.1064588913761466,5,1
222,3.66027397260274,4,0.9273234020892065,5,1
223,4.198529411764706,4.0,0.7935387323396279,5,1
224,3.7045454545454546,4.0,1.057001450384862,5,1
225,2.908256880733945,3,1.0712359697189162,5,1
226,3.355421686746988,3.0,1.0000907202280767,5,1
227,3.279503105590062,3,1.0468003904488052,5,1
228,3.8155737704918034,4.0,0.9596379518632417,5,1
229,3.111111111111111,3,0.957851179667887,5,1
230,3.4472361809045227,3,1.030187522324577,5,1
231,2.683098591549296,3.0,0.9813020834646677,5,1
232,3.207920792079208,3,0.8823554399667842,5,1
233,3.2903225806451615,3.0,0.9900651131111483,5,1
234,3.775,4.0,0.9834796097820959,5,1
235,2.847926267281106,3,1.1639389005221623,5,1
236,3.6222222222222222,4,1.0601653726112499,5,1
237,3.7109375,4.0,0.9366858443970155,5,1
238,3.875,4.0,1.0116508785149154,5,1
239,3.513333333333333,3.0,0.8924622618849992,5,1
240,2.7884615384615383,3.0,1.2558050609409146,5,1
241,3.546875,4.0,1.0522251348333207,5,1
242,3.9914529914529915,4,0.9913793076067716,5,1
243,2.4393939393939394,2.0,1.1498193254487377,5,1
244,3.1666666666666665,3.0,1.0474837574980447,5,1
245,3.1083333333333334,3.0,0.9814600801300508,5,1
246,3.935483870967742,4.0,1.0139505577743038,5,1
247,1.8,1,1.6000000000000003,5,1
248,3.675,4.0,0.939081998549648,5,1
249,3.246153846153846,3.0,1.1304290435428517,5,1
250,3.4771573604060912,4,1.106389399423405,5,1
251,4.260869565217392,5.0,0.9876362340522216,5,1
252,2.9430379746835444,3.0,1.0448406751905321,5,1
253,3.6923076923076925,4.0,1.3521842947113034,5,1
254,2.4516129032258065,2.0,1.0727928482784443,5,1
255,3.36046511627907,3.0,1.088126090266201,5,1
256,3.5625,4.0,1.0588171466310885,5,1
257,3.745874587458746,4,0.9217438330917405,5,1
258,3.8035363457760316,4,0.9934497005979117,5,1
259,2.685185185185185,3.0,1.135685044923107,5,1
260,2.574803149606299,3,1.2070637572248735,5,1
261,2.558139534883721,3,1.3171909077680273,5,1
262,3.712121212121212,4.0,1.1249936230816102,5,1
263,2.1578947368421053,1,1.4604670447906953,5,1
264,2.742574257425743,3,0.9081966174628613,5,1
265,3.8634361233480177,4,0.8874219450040883,5,1
266,2.7142857142857144,3,1.3850513878332367,5,1
267,3.4444444444444446,4,1.0657403385139377,5,1
268,3.792156862745098,4,1.0663926983802856,5,1
269,3.926984126984127,4,0.9450298305876005,5,1
270,3.5955882352941178,4.0,0.942295979404968,5,1
271,3.2322274881516586,3,1.1715846866987298,5,1
272,4.262626262626263,4.0,0.823712445974753,5,2
273,3.569506726457399,4,1.0037433205467414,5,1
274,3.5,4.0,0.9610849132757812,5,1
275,4.0111940298507465,4.0,0.8997645171004554,5,1
276,3.697986577181208,4.0,1.1684022130086265,5,1
277,3.464788732394366,4,1.0724591448338856,5,1
278,3.2333333333333334,3.0,1.1455226851626388,5,1
279,3.2857142857142856,3.5,1.0973065354098013,5,1
280,3.1882352941176473,3,1.068193831794463,5,1
281,3.143835616438356,3.0,0.8912798710811793,5,1
282,3.685344827586207,4.0,0.9514738395252053,5,1
283,3.7175141242937855,4,0.9796681849612983,5,1
284,3.160621761658031,3,1.033181928987597,5,1
285,4.265432098765432,4.0,0.8663333395789209,5,1
286,3.656964656964657,4,1.1681845897618683,5,1
287,3.58974358974359,4.0,0.8978021230775182,5,1
288,3.4414225941422596,4.0,1.1127445738740571,5,1
289,2.9806949806949805,3,1.2316662833755532,5,1
290,3.1145833333333335,3.0,0.9339632361013412,5,1
291,3.37007874015748,3,0.9458000788092469,5,1
292,3.6666666666666665,4.0,0.9793182973300255,5,1
293,3.802721088435374,4,0.813487125381048,5,1
294,3.156701030927835,3,1.0974109377473855,5,1
295,3.4025974025974026,3,0.9968748603841813,5,1
296,3.3333333333333335,3.5,0.7453559924999299,4,2
297,3.96,4.0,0.7200000000000001,5,3
298,3.768041237113402,4.0,0.9593862290255318,5,1
299,2.9315068493150687,3,1.1858615401550214,5,1
300,3.6310904872389793,4,0.9969133191135446,5,1
301,3.3043478260869565,3.5,1.096824769354334,5,1
302,4.161616161616162,4,0.8532812962401156,5,1
303,3.6865671641791047,4.0,0.965199773983567,5,1
304,3.5369127516778525,4,0.9449511896267411,5,1
305,3.6436781609195403,4,1.0054679415461623,5,1
306,3.9479166666666665,4.0,0.9170808723274566,5,1
307,3.515957446808511,4.0,0.9756398000624115,5,1
308,2.966666666666667,3.0,1.2512216252748973,5,1
309,2.857142857142857,3.0,1.3286482312670198,5,1
310,3.6,4,0.8820039877930014,5,1
311,3.68,4,0.8968091584426798,5,1
312,3.1625,3.0,1.08907931299791,5,1
313,4.2457142857142856,5.0,0.9454682459404071,5,1
314,1.0,1,0.0,1,1
315,4.1,4.0,0.8529361054615993,5,1
316,4.196428571428571,4.0,0.7999920280215038,5,1
317,3.911764705882353,4.0,0.8529411764705883,5,1
318,4.466442953020135,5.0,0.8277170623686828,5,1
319,3.2738095238095237,3.0,1.1164483490514787,5,1
320,4.05,5.0,1.2835497652993435,5,1
321,3.1301775147928996,3,1.0352831550315338,5,1
322,3.0871559633027523,3.0,0.9752535231369558,5,1
323,2.933333333333333,3.0,1.1010096376609162,5,1
324,3.136,3,1.2982696176064503,5,1
325,2.546875,2.0,1.2921601040022093,5,1
326,3.36,3,1.1521904604460416,5,1
327,3.3771428571428572,3,1.0720036551871903,5,1
328,3.4237288135593222,4,1.015196229349298,5,1
329,3.3333333333333335,3,0.9888264649460883,5,1
330,3.024390243902439,3,1.1579587776067533,5,1
331,3.5398230088495577,4,0.9316024659235512,5,1
332,3.4615384615384617,4,0.9517685471803679,5,1
333,3.593625498007968,4,1.0382136834856994,5,1
334,3.359375,3.0,1.1506409558915414,5,1
335,2.761904761904762,3,1.1086139739831253,5,1
336,2.627906976744186,2,1.2012252623390656,5,1
337,3.0,3.0,1.247219128924647,5,1
338,2.659340659340659,3,1.1787475213615717,5,1
339,3.25531914893617,3,1.1006397579895801,5,1
340,3.5873015873015874,4,1.1724562103250404,5,1
341,3.090909090909091,3,1.5048132142951682,5,1
342,2.923076923076923,3.0,1.1904451954263202,5,1
343,3.096774193548387,3.0,1.1459561076342977,5,1
344,3.6545454545454548,4,1.1154808472856705,5,1
345,3.4,4,1.1740790171285485,5,1
346,3.642857142857143,4.0,1.0798609971855777,5,1
347,3.510948905109489,4,1.0678909449854952,5,1
348,3.2962962962962963,3,0.9355059955788956,5,1
349,2.903225806451613,3,1.1174521339154044,5,1
350,3.1463414634146343,3,1.2008325487893825,5,1
351,2.7,3.0,1.1445523142259597,5,1
352,2.1153846153846154,1.0,1.4761416201842683,5,1
353,2.4285714285714284,2.0,1.3477115902938004,5,1
354,3.486111111111111,4.0,0.9717260638728777,5,1
355,2.926829268292683,3,0.9973194292810182,5,1
356,3.381443298969072,3,0.878650546501547,5,1
357,4.291666666666667,4.0,0.8405933750763355,5,1
358,2.6153846153846154,3,1.1338595325187297,5,1
359,3.5,3.0,1.3017082793177757,5,1
360,3.2,3.5,1.4000000000000001,5,1
361,3.5,4.0,1.6278820596099706,5,1
362,2.8214285714285716,3.0,1.3377372000234315,5,1
363,2.723404255319149,3,1.0252581960133411,5,1
364,2.675675675675676,3,1.0918383717148192,5,1
365,3.2083333333333335,3.0,1.1172573064826605,5,1
366,3.3404255319148937,3,0.9952353671086385,5,1
367,3.458823529411765,4.0,0.9146254929683207,5,1
368,1.903225806451613,1,1.0882017931247097,5,1
369,2.6363636363636362,3,1.2264306875665492,5,1
370,2.8205128205128207,3,1.1518501253957023,5,1
371,3.1641791044776117,3,1.2882594404203045,5,1
372,3.5294117647058822,4.0,0.9772498662256558,5,1
373,2.8974358974358974,3,0.9552787697537003,5,1
374,2.272727272727273,2,1.1354541815269816,4,1
375,1.9565217391304348,2,1.122042426135995,5,1
376,2.8333333333333335,3.0,0.74535599249993,5,2
377,2.1538461538461537,2,1.0262818510866412,4,1
378,3.722772277227723,4,1.0819748343661901,5,1
379,2.9767441860465116,3,1.190824847859731,5,1
380,3.336206896551724,3.0,0.9463538515619997,5,1
381,3.55,4.0,1.0136567466356647,5,1
382,3.5945945945945947,4,1.025603565460015,5,1
383,2.064516129032258,2,0.8775142263700284,5,1
384,2.782608695652174,3,1.0053417504941815,5,1
385,3.5625,4.0,1.0723525091340784,5,1
386,2.8160919540229883,3,0.9411259535843094,5,1
387,3.3846153846153846,3,1.0029542161850227,5,1
388,2.392857142857143,2.0,0.9761178834797465,5,1
389,3.4444444444444446,3,1.0304020550550785,5,1
390,3.2,3.0,1.32664991614216,5,1
391,2.7457627118644066,3,0.9494551575702316,5,1
392,3.5441176470588234,4.0,1.0063595359368014,5,1
393,3.4114583333333335,4.0,0.9695757009798439,5,1
394,3.3333333333333335,3.5,1.178511301977579,5,1
395,2.5892857142857144,3.0,0.9960060548131673,5,1
396,2.814814814814815,3.0,1.155887891431647,5,1
397,2.5833333333333335,3.0,0.9537935951882998,4,1
398,2.076923076923077,2.0,1.0348941574672084,4,1
399,3.303370786516854,3,0.9289899599368261,5,1
400,2.7222222222222223,3.0,1.2385276005337753,5,1
401,2.8026315789473686,3.0,1.1241340157288007,5,1
402,3.4647058823529413,4.0,1.006707607804995,5,1
403,3.427860696517413,4,0.9442256563170023,5,1
404,3.6732673267326734,4,0.8800192492391675,5,1
405,3.313953488372093,3.0,0.9736245862990357,5,1
406,2.4489795918367347,3,0.9701930060412011,4,1
407,2.511627906976744,2,0.9970209818709777,5,1
408,4.491071428571429,5.0,0.7675975474804221,5,1
409,3.142857142857143,3.0,0.9752027523357725,5,1
410,3.1296296296296298,3.0,1.212786246669107,5,1
411,2.914110429447853,3,1.0819136250643187,5,1
412,2.3978494623655915,2,1.1277514496453247,5,1
413,2.6363636363636362,3,1.0679400113155209,5,1
414,3.532258064516129,4.0,0.9283655762037524,5,1
415,2.84,3,0.8333066662399865,4,1
416,3.484375,3.5,1.0605450765408324,5,1
417,3.095890410958904,3,1.0090601019563228,5,1
418,3.5813953488372094,4,0.8952733281358212,5,1
419,3.7247191011235956,4.0,0.9873106018202215,5,1
420,3.6666666666666665,4,0.8461970117626566,5,1
421,3.5943396226415096,4.0,1.1637472160094169,5,1
422,2.8461538461538463,3.0,1.026281851086641,5,1
423,3.8333333333333335,4.0,1.041899973872518,5,1
424,1.3157894736842106,1,0.653140718210045,3,1
425,3.7411764705882353,4,0.984024643121247,5,1
426,2.84375,3.0,1.2275324588376473,5,1
427,4.292237442922374,4,0.7380611514336477,5,1
428,3.8181818181818183,4,1.0204520145747118,5,1
429,3.9381443298969074,4,0.8829943548603648,5,1
430,4.0,4,0.9837387536759294,5,1
431,3.5359477124183005,4,1.0787680203410066,5,1
432,3.7701149425287355,4.0,1.105900053945633,5,1
433,3.690058479532164,4,0.998750972641366,5,1
434,3.8358208955223883,4,0.8568776175765563,5,1
435,3.949074074074074,4.0,0.8564564560908501,5,1
436,3.5353535353535355,4,0.9135692165329308,5,1
437,1.0,1,0.0,1,1
438,1.1666666666666667,1.0,0.37267799624996495,2,1
439,1.0,1,0.0,1,1
440,1.6428571428571428,1.0,0.9715336077668174,4,1
441,2.5660377358490565,3,0.9617090518773325,5,1
442,1.25,1.0,0.4330127018922193,2,1
443,3.808641975308642,4.0,0.8715953204799333,5,1
444,2.717391304347826,3.0,1.0563070098483778,5,1
445,3.5,4.0,0.8393720596645177,5,2
446,2.4444444444444446,2,1.0657403385139377,4,1
447,3.5041322314049586,4,0.9801666829251577,5,1
448,3.388235294117647,3,0.9712831736729551,5,1
449,3.034188034188034,3,1.0616196618956755,5,1
450,2.3968253968253967,2,1.162095569379246,5,1
451,3.347058823529412,4.0,1.2283981185740487,5,1
452,2.6666666666666665,3.0,1.0777829844714388,5,1
453,1.9375,2.0,0.899218410621135,4,1
454,2.875,3.0,1.0532687216470449,5,1
455,3.2551724137931033,3,1.0685427417577351,5,1
456,2.3125,3.0,1.08313299429633,5,1
457,1.7407407407407407,1,1.0396791738976445,4,1
458,3.1222222222222222,3.0,1.1038093412036314,5,1
459,3.75,4.0,1.0103629710818451,5,1
460,3.0,3.0,1.0690449676496976,5,1
461,3.6216216216216215,4.0,0.800383399727613,5,2
462,3.804054054054054,4.0,0.9053801932754307,5,1
463,3.859154929577465,4,0.9971194377705835,5,1
464,3.5925925925925926,4,1.130691668331389,5,1
465,3.5647058823529414,4,1.0565989703208332,5,1
466,3.5961538461538463,4.0,1.042548936033061,5,1
467,3.7916666666666665,4.0,0.7894706383956842,5,2
468,3.3125,3.0,1.0588171466310885,5,1
469,3.7761194029850746,4,0.974616580138179,5,1
470,3.6666666666666665,4.0,0.97182531580755,5,1
471,3.6108597285067874,4,0.8628426571004382,5,1
472,3.0822784810126582,3.0,1.0963991112071922,5,1
473,3.126984126984127,3.0,0.9998740157475314,5,1
474,4.252577319587629,4.0,0.8513897412139522,5,2
475,3.884,4.0,1.076356818160222,5,1
476,3.01875,3.0,1.0981340708219551,5,1
477,3.210526315789474,3,1.1688477172624256,5,1
478,4.115384615384615,4.0,0.8355984993230932,5,2
479,4.251396648044692,4,0.6837587164600775,5,2
480,4.284916201117318,4,0.7109254089648395,5,2
481,3.9365079365079363,4,1.005903461444753,5,1
482,3.984375,4.0,0.9681197546662293,5,1
483,4.45679012345679,5,0.726614270101836,5,1
484,4.2101449275362315,4.0,0.7561621112012289,5,2
485,3.816,4,1.046013384235594,5,1
486,3.796875,4.0,0.8692613153563202,5,1
487,4.102941176470588,4.0,0.8249724751621029,5,2
488,4.2,4,0.8076556768250269,5,2
489,4.115384615384615,4.0,0.7507392806131978,5,2
490,4.02,4.0,0.7613146524269709,5,2
491,3.791044776119403,4,0.8382161840059085,5,2
492,3.864406779661017,4,0.812145664454979,5,2
493,4.15,4.0,0.8129165598838132,5,2
494,4.0,4.0,0.7319250547113999,5,3
495,3.6610169491525424,4,0.7726285640706089,5,2
496,4.121212121212121,4,0.9904436467271899,5,1
497,3.838235294117647,4.0,0.9642170569285592,5,2
498,4.184210526315789,4.0,0.7558635061234251,5,2
499,3.9516129032258065,4.0,0.7279538126707584,5,2
500,3.903225806451613,4,0.8927969356837449,5,1
501,3.4959349593495936,3,0.9989749521981559,5,1
502,3.7017543859649122,4,1.0253781892071898,5,1
503,3.641025641025641,4,0.6597271964240312,5,2
504,3.819672131147541,4.0,0.9496884169154248,5,1
505,4.0,4.0,0.747545001596402,5,2
506,3.8555555555555556,4.0,0.9493987701126217,5,2
507,3.816326530612245,4.0,0.9725512291790896,5,1
508,3.5953488372093023,4,0.9688049431374122,5,1
509,3.8512396694214877,4,0.9150816883085237,5,1
510,3.9421487603305785,4,0.9026821435314478,5,1
511,4.23121387283237,4,0.869361087191708,5,2
512,4.0,4,1.1081832770072813,5,1
513,4.333333333333333,4.0,0.7817359599705718,5,1
514,3.911111111111111,4.0,1.0608638455359998,5,1
515,4.203980099502488,4,0.8995211991185476,5,1
516,3.9682539682539684,4,1.0384398243680075,5,1
517,3.769230769230769,4,1.0171812277280115,5,1
518,3.651685393258427,4,1.0178311773162483,5,1
519,4.1,4.0,0.7516648189186458,5,2
520,4.104838709677419,4.0,0.8502233898776894,5,2
521,3.8333333333333335,4.0,1.0354816378006044,5,1
522,3.7714285714285714,4,1.1234059000764285,5,1
523,3.9939024390243905,4.0,0.7847397519475698,5,2
524,4.021739130434782,4.0,0.9205180591191359,5,1
525,4.027397260273973,4,1.0064531883135286,5,1
526,3.8306451612903225,4.0,0.9480180870871233,5,1
527,4.02051282051282,4,0.7971678995619718,5,1
528,4.132231404958677,4,0.8226358438432595,5,1
529,3.978494623655914,4,0.8673094550570231,5,1
530,4.025,4.0,0.8940777371123837,5,1
531,3.9224806201550386,4,0.920165161285204,5,1
532,3.3181818181818183,3.0,1.0174104220726998,5,1
533,3.6666666666666665,4,0.8692269873603531,5,2
534,3.3076923076923075,3,1.1357556200179542,5,1
535,3.1666666666666665,3.0,0.9953596037316065,5,1
536,3.3,3.5,1.2688577540449522,5,1
537,3.6333333333333333,4.0,1.0482790129010928,5,1
538,3.4242424242424243,4.0,1.0879589740009843,5,1
539,2.477272727272727,3.0,1.097282518597574,4,1
540,2.511627906976744,3,0.8455655331487371,4,1
541,2.877551020408163,3,1.0810549092366555,5,1
542,2.5294117647058822,3,1.0728912957101533,5,1
543,3.619047619047619,4,1.1741740958036146,5,1
544,3.1549295774647885,3,1.0568074074537506,5,1
545,1.8333333333333333,2.0,0.6871842709362769,3,1
546,3.031496062992126,3.0,1.0034351069023,5,1
547,3.341463414634146,4,1.2219487853536923,5,1
548,2.1666666666666665,2.0,1.1426091000668408,5,1
549,3.5652173913043477,4.0,0.9005354424873034,5,1
550,3.2847682119205297,3,1.0123573135905353,5,1
551,2.4166666666666665,2.0,1.114924013354971,5,1
552,2.8666666666666667,3,1.0873004286866723,5,1
553,3.2857142857142856,3,1.0900498230723425,5,1
554,2.803921568627451,3.0,1.0759329347701139,5,1
555,2.0,1.5,1.1832159566199232,4,1
556,2.5,3.0,0.8660254037844386,4,1
557,3.1176470588235294,3,1.2779741754353195,5,1
558,3.6714285714285713,4.0,1.091806217387743,5,1
559,3.1824817518248176,3,1.061736479479152,5,1
560,2.727272727272727,3.0,0.9136250564655354,4,1
561,3.0677966101694913,3,1.0871266244626827,5,1
562,3.2083333333333335,3.0,1.1172573064826603,5,1
563,2.413793103448276,2,1.099129479345464,5,1
564,2.037037037037037,2,1.035713441045153,4,1
565,2.6818181818181817,3.0,0.9237455196773446,4,1
566,3.569832402234637,4,0.8452201953425497,5,1
567,2.8,3,1.190438094628552,5,1
568,3.6478260869565218,4.0,0.9701499504076636,5,1
569,2.701492537313433,3,0.9465558206392788,5,1
570,3.1,3.0,0.9643650760992956,5,1
571,2.5,3.0,0.9819805060619657,5,1
572,2.7586206896551726,3,0.9342218747685562,5,1
573,2.9393939393939394,3,1.229421986369745,5,1
574,2.2,2,1.2754084313139327,5,1
575,2.5454545454545454,3.0,1.0325287901455042,5,1
576,3.021505376344086,3,1.0157733917092076,5,1
577,2.2195121951219514,2,0.9756097560975611,4,1
578,3.152173913043478,3.0,1.0418919101149358,5,1
579,2.6315789473684212,3,1.036721873873274,4,1
580,3.375,3.0,1.1388041973930374,5,1
581,3.2203389830508473,3,1.1209529331380645,5,1
582,3.6011904761904763,4.0,1.129369192621541,5,1
583,3.0,3,1.1624763874381927,5,1
584,3.5443037974683542,4,0.951979527947502,5,1
585,2.4871794871794872,2,1.129370027976679,5,1
586,2.676470588235294,3.0,0.8983837852530158,4,1
587,3.5714285714285716,4.0,0.49487165930539356,4,3
588,3.792079207920792,4.0,0.9781456661567112,5,1
589,4.023255813953488,4,0.9018939269611772,5,2
590,2.0,2.0,1.0,4,1
591,3.601123595505618,4.0,0.8502470734132209,5,1
592,3.3333333333333335,3,1.1547005383792515,5,1
593,3.1666666666666665,3.5,1.5184055965240497,5,1
594,2.4,3,0.8,3,1
595,3.09375,3.0,0.9797759629119301,5,1
596,3.377952755905512,3,0.9954948427892358,5,1
597,3.150485436893204,3.0,0.9762593347174039,5,1
598,2.25,2.5,0.82915619758885,3,1
599,1.0,1,0.0,1,1
600,3.0,3.0,1.0,4,2
601,4.0,4.0,0.8366600265340756,5,3
602,3.7,4.0,0.8544003745317533,5,1
603,4.3875598086124405,5,0.7108444183453836,5,2
604,4.012345679012346,4,0.7776797900258577,5,2
605,3.3548387096774195,3,0.8997629471600871,5,1
606,4.045454545454546,4.0,0.8604406584545866,5,2
607,3.9696969696969697,4.0,0.9206337897553523,5,1
608,3.933333333333333,4.0,0.5120763831912404,5,3
609,3.5833333333333335,4.0,0.7808471183414987,5,2
610,3.658536585365854,4,1.0267104965780092,5,1
611,4.1,4.0,0.860232526704263,5,2
612,3.9411764705882355,4.0,0.8022459821756385,5,2
613,4.037037037037037,4,0.881139055805209,5,2
614,3.7450980392156863,4,0.8364991767726093,5,2
615,4.0508474576271185,4,0.8521901755916295,5,2
616,3.421875,4.0,1.0869206430899176,5,1
617,3.7777777777777777,4.0,0.628539361054709,5,3
618,3.611111111111111,4.0,0.7556372504853023,5,2
619,3.171875,3.0,0.8395439145006055,5,1
620,3.0930232558139537,3,0.741273369791127,4,2
621,2.909090909090909,3,1.2398346997259868,5,1
622,3.358974358974359,3,0.800230078683448,5,1
623,2.923076923076923,3,1.071414482860317,5,1
624,3.272727272727273,3.0,1.1354541815269814,5,2
625,3.3292682926829267,3.0,0.7498760555923515,5,1
626,3.25,3.5,1.479019945774904,5,1
627,3.2266666666666666,3,1.0779404230084129,5,1
628,3.514792899408284,4,0.9490356916847716,5,1
629,3.3376623376623376,3,0.9203385826767048,5,1
630,3.2903225806451615,3,0.8869501345075821,5,2
631,3.6218487394957983,4,1.0207230641848533,5,1
632,3.896551724137931,4.0,0.9226957351903209,5,2
633,4.057971014492754,4,0.8492803086367314,5,2
634,3.75,4.0,1.1989578808281798,5,1
635,2.739130434782609,3,1.0307190948808433,5,1
636,3.241758241758242,3,0.8936978290702178,5,1
637,3.026315789473684,3.0,0.8425163470306378,5,1
638,3.772727272727273,4.0,0.9259794903392438,5,1
639,3.7,4.0,0.9797958971132713,5,1
640,3.024390243902439,3.0,1.3157174594401149,5,1
641,4.212121212121212,4,1.007775099897933,5,1
642,3.4831460674157304,4,0.984285054520259,5,1
643,3.0,3.5,1.224744871391589,4,1
644,3.7714285714285714,4,0.9880923694737476,5,1
645,3.814814814814815,4,0.9442628728875524,5,1
646,3.8684210526315788,4.0,0.8935750971762969,5,2
647,4.1,4.0,0.9732126474429204,5,1
648,4.029850746268656,4,0.8280556123391164,5,1
649,3.4,3.0,0.8944271909999155,5,1
650,3.5416666666666665,4.0,1.1895085353016832,5,1
651,4.076023391812866,4,0.7799073865636653,5,2
652,3.888888888888889,4.0,0.9480324003422909,5,1
653,3.911764705882353,4.0,0.852941176470588,5,1
654,4.136054421768708,4,0.9803474032463572,5,1
655,3.881057268722467,4,0.8442303437879242,5,1
656,4.0,4.0,0.9534625892455924,5,1
657,4.259541984732825,4,0.7575350369499407,5,1
658,3.4177215189873418,3,1.0385919745197987,5,1
659,4.078260869565217,4,0.8561575036624417,5,1
660,3.764705882352941,4,0.9685560027630172,5,1
661,4.1022727272727275,4.0,0.812400661441597,5,2
662,3.426829268292683,3.0,0.9631058473966967,5,1
663,3.9051724137931036,4.0,1.0584507894662647,5,1
664,3.5434782608695654,4.0,1.0152429938117924,5,1
665,2.83,3.0,1.0959470790143102,5,1
666,2.4,2,1.019803902718557,4,1
667,2.1666666666666665,2.0,1.067187372905475,5,1
668,2.1666666666666665,1.5,1.3437096247164249,4,1
669,1.6153846153846154,1,1.002954216185023,4,1
670,3.0,3.0,1.1547005383792515,5,1
671,3.608695652173913,3.0,1.0316356971917107,5,1
672,2.723076923076923,3,1.209038935654677,5,1
673,3.5232558139534884,4.0,0.8856313499688194,5,1
674,2.8958333333333335,3.0,0.8717698313711532,5,1
675,3.5555555555555554,4.0,1.0657403385139375,5,1
676,3.3376623376623376,3,1.0143181397281364,5,1
677,3.0,3,0.0,3,3
678,2.808219178082192,3,1.020218450686315,5,1
679,3.046728971962617,3,1.0356557141828093,5,1
680,2.5588235294117645,2.5,1.4387735068982366,5,1
681,2.4444444444444446,2,1.3698697784375502,5,1
682,3.06,3.0,1.1984990613262914,5,1
683,2.4081632653061225,3,1.1591405568296265,5,1
684,3.7928994082840237,4,0.7835266929969289,5,1
685,3.356687898089172,3,0.9100482163575625,5,1
686,3.68,4.0,0.926066952223218,5,2
687,2.1884057971014492,2,1.106965591532076,5,1
688,1.8409090909090908,1.0,1.0647915250111344,5,1
689,3.1494252873563218,3,1.1599517987625627,5,1
690,3.458064516129032,4,1.06703514273789,5,1
691,3.5,4.0,1.0,5,1
692,3.6280487804878048,4.0,0.9509654132157792,5,1
693,3.6483516483516483,4,0.9763536826919196,5,1
694,4.045454545454546,4.0,1.0861639223044108,5,1
695,2.923076923076923,3,1.2064913185660096,5,1
696,3.1392405063291138,3,0.8379326158701452,5,1
697,3.425,4.0,1.2427288521636568,5,1
698,3.0,3.5,1.0954451150103321,4,1
699,3.676470588235294,4.0,0.9513845916829907,5,1
700,2.6,3,1.019803902718557,5,1
701,4.0,4.0,0.6324555320336759,5,3
702,3.018867924528302,3,1.1072755283865063,5,1
703,3.5789473684210527,4,0.8153649149910351,5,2
704,3.0416666666666665,3.0,0.789470638395684,5,2
705,3.9927007299270074,4,0.9852662789136913,5,1
706,2.6666666666666665,3.0,0.9428090415820634,4,1
707,3.9285714285714284,4.0,1.0326308782000686,5,1
708,3.4752475247524752,4,0.9075487539034442,5,1
709,4.028846153846154,4.0,0.8928856715645107,5,1
710,3.569620253164557,4,0.8668806920639966,5,1
711,4.0,4,0.0,4,4
712,3.0784313725490198,3,0.7629441748370082,5,1
713,3.611111111111111,4.0,0.9797328938082442,5,1
714,3.230769230769231,4,0.9730085108210399,4,1
715,3.2758620689655173,3,1.1615452962445778,5,1
716,3.1551724137931036,3.0,1.2148751055139877,5,1
717,2.817073170731707,3.0,1.1383347784447142,5,1
718,3.6875,4.0,1.2103072956898178,5,1
719,2.413793103448276,3,1.0344827586206893,4,1
720,3.0232558139534884,3.0,1.1099627501192302,5,1
721,3.4444444444444446,3.5,1.133115447465063,5,1
722,2.9310344827586206,3.0,0.907099754342476,5,1
723,3.1470588235294117,3.0,1.1410096906629896,5,1
724,3.486842105263158,4.0,0.9527442503884241,5,1
725,2.75,3.0,0.9013878188659973,4,1
726,2.4285714285714284,2.0,1.0497813183356477,4,1
727,3.4603174603174605,4,1.1102037111140137,5,1
728,3.022222222222222,3,0.7742778395637485,4,1
729,3.4814814814814814,4,0.9177416069158423,5,1
730,3.5,3.0,0.9574271077563381,5,1
731,3.1538461538461537,3,0.8332347081677908,5,1
732,3.65,4.0,0.8786036902064807,5,1
733,3.2,3,1.045625809423875,5,1
734,2.5185185185185186,3,0.833127546607555,4,1
735,3.854014598540146,4,0.9478376927289208,5,2
736,3.9358974358974357,4.0,0.9245892170309125,5,1
737,2.983050847457627,3,1.0968603177873513,5,1
738,2.838709677419355,3,1.019068967672988,5,1
739,3.323170731707317,3.0,1.087265397233544,5,1
740,3.4761904761904763,4,1.124858267715973,5,1
741,3.4482758620689653,4.0,1.1622275549208774,5,1
742,3.644194756554307,4,0.9465064917098623,5,1
743,1.9487179487179487,2,1.1082145017935543,5,1
744,3.4565217391304346,3.0,0.9488327322954425,5,1
745,3.875,4.0,1.165922381636102,5,1
746,3.6638655462184873,4,0.9192370870772754,5,1
747,3.4607843137254903,3.5,0.9253676389440687,5,1
748,3.1234177215189876,3.0,1.1393240124106758,5,1
749,3.176470588235294,3,1.0609999418406808,5,1
750,3.8548387096774195,4.0,1.060230866422245,5,1
751,3.4277777777777776,3.0,0.9191212926579827,5,1
752,3.3076923076923075,3,1.1129504827800358,5,1
753,3.7083333333333335,4.0,1.274073737618388,5,1
754,3.3859649122807016,3,1.004452997073659,5,1
755,3.3125,3.0,0.9049919428738946,5,1
756,2.8984375,3.0,1.0219454773096996,5,1
757,2.75,3.0,1.0897247358851685,4,1
758,1.7142857142857142,1,0.8806305718527108,4,1
759,2.1818181818181817,2,0.9359663764533637,4,1
760,2.652173913043478,3.0,1.2374129974571921,5,1
761,3.0454545454545454,3.0,1.0214638661020106,5,1
762,3.391304347826087,3,0.957311926575505,5,1
763,3.389261744966443,3,1.219040272724051,5,1
764,2.7586206896551726,3,1.1642719321471817,5,1
765,2.8125,3.0,0.9499177595981665,4,1
766,3.111111111111111,3,0.8748897637790901,4,1
767,2.1818181818181817,2,1.2662171161076472,4,1
768,3.076923076923077,3.0,1.0161419087402237,5,1
769,2.4523809523809526,2.5,1.2383241546615094,5,1
770,3.3859649122807016,4,0.9319736831784863,5,1
771,2.6341463414634148,3,0.9040855118463724,5,1
772,3.061224489795918,3,1.2356633063853555,5,1
773,2.9411764705882355,3,0.9982683969692437,4,1
774,2.9375,3.0,1.27322179921646,5,1
775,2.769230769230769,3.0,1.153846153846154,5,1
776,3.2222222222222223,4,1.227262335243029,5,1
777,1.25,1.0,0.4330127018922193,2,1
778,3.5526315789473686,4.0,0.9786502095677395,5,1
779,2.5483870967741935,3,0.9101119986881218,4,1
780,3.0,3,1.2158375177486576,5,1
781,3.3333333333333335,3.0,0.9677334015667417,5,1
782,2.6,3.0,0.8,4,1
783,2.72972972972973,3,1.0040094930273897,4,1
784,1.0,1.0,0.0,1,1
785,3.1538461538461537,3,0.9750335047093098,5,1
786,2.642857142857143,3.0,1.0424656799518874,4,1
787,3.230769230769231,3,0.890448992522325,5,2
788,1.6666666666666667,1,0.9428090415820634,3,1
789,3.574468085106383,4,0.9837981295061183,5,1
790,2.909090909090909,3.0,1.0549633445775284,5,1
791,2.5,2.0,1.2041594578792296,5,1
792,3.7209302325581395,4.0,0.9105475325791587,5,1
793,3.5,3.5,1.284523257866513,5,1
794,3.652173913043478,4.0,0.8899778039329878,5,1
795,2.4285714285714284,2,0.9035079029052513,4,1
796,3.0833333333333335,3.0,0.982485510212633,5,1
797,3.096774193548387,3,0.8559031717046192,5,1
798,2.2222222222222223,2,1.0304020550550783,4,1
799,3.2,4,1.16619037896906,4,1
800,2.8846153846153846,3.0,1.1873345415717795,5,1
801,2.8125,3.0,0.6343057228182637,4,1
802,2.7,3.0,1.0295630140987002,5,1
803,2.5555555555555554,3,0.49690399499995325,3,2
804,2.875,3.0,0.9270248108869579,4,1
805,3.6296296296296298,4,0.8231892878108471,5,2
806,3.46,4.0,0.9210863151735564,5,1
807,2.7777777777777777,3,1.227262335243029,4,1
808,2.838709677419355,3,0.9536609999415795,5,1
809,2.9069767441860463,3,0.9839160837816828,5,1
810,2.888888888888889,3,0.8999314102807372,5,1
811,3.9444444444444446,4.0,0.5241100628920335,5,3
812,3.111111111111111,3.0,1.048220125784067,5,1
813,3.892857142857143,4.0,1.0120448082360536,5,1
814,5.0,5,0.0,5,5
815,3.232142857142857,3.0,0.8862253709769684,5,1
816,2.4285714285714284,2,1.3299276232160895,5,1
817,2.6666666666666665,3,1.247219128924647,4,1
818,2.76,3,1.0307278981380104,5,1
819,2.7,3.0,0.9273618495495707,4,1
820,2.774193548387097,3,0.9960031119922077,5,1
821,3.0454545454545454,3.0,1.0650340467145438,5,1
822,3.0,3.0,0.7071067811865476,4,2
823,2.8780487804878048,3.0,0.8888227882092002,5,1
824,2.7551020408163267,3,1.0208162449305958,4,1
825,3.036144578313253,3,1.1765354810345738,5,1
826,2.575,3.0,1.0580051984749415,5,1
827,2.7719298245614037,3,1.0262783019094501,5,1
828,2.6923076923076925,3,1.2015768732164085,5,1
829,2.6470588235294117,3.0,0.9965337850645539,5,1
830,1.0,1,0.0,1,1
831,2.4615384615384617,2,1.0824036368823298,5,1
832,2.5454545454545454,3.0,1.0756508696544758,5,1
833,3.204081632653061,3,1.1244879439964013,5,1
834,2.2,2,1.2328828005937953,5,1
835,3.8666666666666667,4,0.8844332774281066,5,3
836,3.769230769230769,4.0,0.9730085108210398,5,2
837,3.92,4,0.8908422980528033,5,2
838,2.75,2.5,1.479019945774904,5,1
839,2.5,2.5,1.5,4,1
840,2.660377358490566,3,1.1317609626014207,5,1
841,2.75,3.0,1.050793351076541,5,1
842,3.1481481481481484,3,1.0785347984119287,5,1
843,3.0,3.0,1.0,5,1
844,3.357142857142857,4.0,1.1916660720230663,5,1
845,3.465909090909091,3.0,0.9764134700334746,5,1
846,3.0681818181818183,3.0,0.986216997897597,5,2
847,3.727272727272727,4,0.8624393618641034,5,1
848,3.5555555555555554,4,0.831479419283098,5,2
849,2.7169811320754715,3,1.0164191397098592,5,1
850,4.0,4.5,1.224744871391589,5,2
851,3.75,4.5,1.6393596310755,5,1
852,1.0,1,0.0,1,1
853,3.857142857142857,4.5,1.551825784457174,5,1
854,3.375,4.0,1.653594569415369,5,1
855,3.727272727272727,4.0,1.0231480615838866,5,1
856,3.8333333333333335,4.0,1.0408329997330665,5,1
857,3.0,3,0.0,3,3
858,1.0,1,0.0,1,1
859,2.6666666666666665,3,0.8692269873603531,4,1
860,2.25,2.0,1.14564392373896,5,1
861,2.3333333333333335,3,0.9428090415820634,3,1
862,2.111111111111111,1.5,1.286204100310025,5,1
863,3.9166666666666665,4.0,0.8620067027323832,5,2
864,3.1627906976744184,3.0,0.9132164612126441,5,1
865,3.4761904761904763,4,1.1799534946060826,5,1
866,3.319327731092437,3,1.144462540250973,5,1
867,4.0,4.0,0.816496580927726,5,3
868,3.8,4,0.9797958971132712,5,2
869,3.0,3.0,1.0408329997330663,5,1
870,2.7777777777777777,3,0.6285393610547089,4,2
871,2.4,2,1.032795558988644,5,1
872,3.0952380952380953,3.0,1.268848818521355,5,1
873,2.962962962962963,3,1.0475656017578483,5,1
874,3.2564102564102564,3,1.1484202911055734,5,1
875,2.7358490566037736,3,1.2461403566761033,5,1
876,2.702127659574468,3,0.9433957139317175,5,1
877,2.5384615384615383,2.0,1.1173722343333807,5,1
878,2.515151515151515,2,1.3733659628635948,5,1
879,3.2720588235294117,3.0,1.0107285648649242,5,1
880,3.169491525423729,3,1.2094618830448323,5,1
881,2.933333333333333,3,1.2719189352225944,5,1
882,3.2941176470588234,3.0,1.176470588235294,5,1
883,3.230769230769231,3,1.3099527973789538,5,1
884,3.2857142857142856,4,1.749635530559413,5,1
885,2.230769230769231,2,1.186711432349347,5,1
886,3.0754716981132075,3,1.1792075465660186,5,1
887,3.609375,4.0,1.1807993518693174,5,1
888,3.466666666666667,4,1.2578641509408806,5,1
889,3.3846153846153846,3,1.0029542161850227,5,2
890,1.9534883720930232,2,1.1402465741517447,5,1
891,2.6666666666666665,2.5,1.247219128924647,5,1
892,2.7547169811320753,3,1.0444039624979655,5,1
893,2.4285714285714284,3.0,0.9035079029052513,4,1
894,1.894736842105263,1,1.3335641536126237,5,1
895,3.2169811320754715,3.0,1.0903064912798697,5,1
896,3.772727272727273,4.0,0.9968960090664231,5,2
897,1.5,1.5,0.5,2,1
898,3.2241379310344827,3.0,1.3396229969952282,5,1
899,3.4444444444444446,3,1.3425606637327303,5,1
900,3.6904761904761907,4.0,0.9877365958424544,5,1
901,1.9166666666666667,1.0,1.440968038815882,5,1
902,3.8333333333333335,4.0,1.0892694508283691,5,1
903,3.111111111111111,3.0,0.9938079899999064,5,1
904,3.45,3.5,1.4309088021254186,5,1
905,3.2222222222222223,3,0.9162456945817021,5,1
906,3.1904761904761907,3,1.2580804584402767,5,1
907,2.0,2.0,1.0,3,1
908,2.5,3.0,1.466287829861518,5,1
909,3.769230769230769,4,1.186711432349347,5,1
910,2.0,2.0,0.7071067811865476,3,1
911,2.5,2.5,0.5,3,2
912,3.0,3,0.6666666666666666,4,2
913,2.5,2.5,1.5,4,1
914,2.727272727272727,2,1.3545149477955762,5,1
915,3.923076923076923,4,0.8284868934053083,5,2
916,3.1666666666666665,3.0,1.2583057392117918,5,1
917,3.4285714285714284,4,0.7284313590846836,4,2
918,3.0,3.0,1.0,4,1
919,3.7916666666666665,4.0,1.1982336537123668,5,1
920,2.2,2,1.16619037896906,4,1
921,3.9782608695652173,4.0,1.0105773303625616,5,1
922,3.823529411764706,4.0,1.123821951443694,5,1
923,4.155172413793103,4.0,0.8670545490124245,5,2
924,3.4,3,1.1292892090368427,5,1
925,3.323529411764706,3.0,0.8983837852530158,5,2
926,2.702970297029703,3,1.0581560128981855,5,1
927,3.1666666666666665,3.5,1.0671873729054748,4,1
928,3.1153846153846154,3.0,1.0769230769230766,5,1
929,2.7,3.0,1.053565375285274,4,1
930,2.7,3.0,1.0049875621120896,5,1
931,2.1578947368421053,2,0.8942206973596251,4,1
932,2.925,3.0,1.1266654339243747,5,1
933,2.4285714285714284,3,1.0033955955097846,4,1
934,2.926470588235294,3.0,0.9749234731745423,5,1
935,3.2857142857142856,3,0.880630571852711,5,2
936,3.9375,4.0,0.9333240326917549,5,1
937,3.4054054054054053,4,1.051625754505066,5,1
938,2.88,3,1.070327052820772,5,1
939,3.6,4.0,0.7571877794400362,5,2
940,2.34375,2.0,0.9222721602108567,5,1
941,3.0652173913043477,3.0,1.1306437933865956,5,1
942,3.488888888888889,4,0.909755088464832,5,1
943,3.475,4.0,0.8940777371123835,5,1
944,3.0,3,1.0783277320343843,5,1
945,3.925,4.0,0.8481597726843686,5,2
946,3.1475409836065573,3,1.0687217057709257,5,1
947,3.235294117647059,3,1.1129934075543824,5,1
948,2.1666666666666665,2.0,1.0865337342004415,4,1
949,3.3380281690140845,3,0.9184135429240062,5,1
950,2.9,3.0,0.9780933834080808,5,1
951,2.8205128205128207,3,1.0830108759970702,5,1
952,3.1777777777777776,3,1.0809232450680277,5,1
953,3.3181818181818183,3.0,0.9717071966559979,5,2
954,3.5454545454545454,4,0.9875254992000196,5,2
955,3.4081632653061225,4,1.123376240369215,5,1
956,3.608695652173913,4.0,0.846431405823121,5,1
957,2.0,2.0,1.0,3,1
958,3.7857142857142856,4.0,1.2058530725810095,5,1
959,3.46875,4.0,1.089276566120836,5,1
960,3.24,4,1.2737346662472526,5,1
961,3.6176470588235294,4.0,1.188541020657456,5,1
962,3.130434782608696,4,1.153608622732313,5,1
963,4.2926829268292686,4,0.8623253429104241,5,1
964,3.3333333333333335,4,1.1547005383792517,5,1
965,3.6666666666666665,4,0.8908708063747478,5,2
966,4.1923076923076925,4.0,0.8779009392702559,5,2
967,3.1666666666666665,3.0,0.7993052538854533,5,2
968,3.7222222222222223,4.0,1.0437941237808854,5,1
969,3.8,4,1.083205120618128,5,1
970,3.25,3.5,0.9682458365518543,4,1
971,3.676470588235294,4.0,0.8983837852530159,5,1
972,3.1785714285714284,3.0,0.8474150369789051,5,1
973,3.5,3.5,1.118033988749895,5,2
974,3.03125,3.0,1.045358042729858,5,1
975,3.159090909090909,3.0,1.0647915250111344,5,1
976,1.8333333333333333,1.5,1.1426091000668408,5,1
977,2.693877551020408,3,1.0142672359011573,5,1
978,2.5185185185185186,2,1.1011902775791484,5,1
979,3.2,3,0.9797958971132712,5,1
980,3.1818181818181817,3.0,1.113404428537808,5,1
981,1.75,1.5,0.82915619758885,3,1
982,2.8,3.0,1.16619037896906,5,1
983,2.4,2,0.7118052168020876,4,1
984,2.8636363636363638,3.0,1.2719153254212021,5,1
985,2.8636363636363638,3.0,0.9674453024451256,4,1
986,2.5652173913043477,3,1.2794729538749705,5,1
987,2.5,3.0,0.8660254037844386,3,1
988,2.313953488372093,2.0,1.1024457789438389,5,1
989,2.84375,3.0,1.3488276159317023,5,1
990,3.090909090909091,3,1.3565472294302663,5,1
991,2.24,2,1.068831137270991,5,1
992,3.0,3.0,1.0,4,2
993,3.515151515151515,4.0,0.9573072120564428,5,1
994,2.2857142857142856,2,1.0301575072754257,4,1
995,3.161290322580645,3,1.1939842273110806,5,1
996,2.5,3.0,1.0522085616183026,4,1
997,2.125,2.0,1.1110243021644486,4,1
998,2.5625,2.5,1.27322179921646,5,1
999,2.8,2.5,1.077032961426901,4,1
1000,3.0,3.0,0.6324555320336759,4,2
1001,2.0,1,1.3719886811400708,5,1
1002,1.875,1.0,1.165922381636102,4,1
1003,2.25,2.0,0.9682458365518543,4,1
1004,3.111111111111111,3,0.9938079899999066,4,1
1005,3.6818181818181817,4.0,1.2572106078126666,5,1
1006,2.8260869565217392,3,1.1287613031084496,5,1
1007,4.127659574468085,4,0.6721518722949498,5,3
1008,3.3783783783783785,4,1.0991729409547433,5,1
1009,3.375,4.0,1.1388041973930374,5,1
1010,3.25,3.0,1.1306675421666135,5,1
1011,3.225806451612903,3,0.9518406871540102,5,1
1012,3.53,4.0,1.062591172558854,5,1
1013,2.289473684210526,2.0,0.9975732326855193,4,1
1014,3.061224489795918,3.0,1.028336545905642,5,1
1015,2.8333333333333335,3.0,1.2801909579781015,5,1
1016,3.45985401459854,3,1.0394734667981256,5,1
1017,3.24,3.0,1.011137972781163,5,1
1018,3.1875,3.0,0.8454843286542927,5,1
1019,3.967741935483871,4,1.0312495072997279,5,1
1020,3.8857142857142857,4,0.7472398188926869,5,2
1021,3.8157894736842106,4.0,1.166534750489553,5,1
1022,3.4375,4.0,1.3448396744593758,5,1
1023,2.5806451612903225,3,0.9078224051271154,4,1
1024,3.6,3,1.2,5,1
1025,2.9318181818181817,3.0,1.2862511997119113,5,1
1026,2.5,2.0,1.6583123951777,5,1
1027,2.6666666666666665,3,1.247219128924647,4,1
1028,3.0405405405405403,3.0,1.089745683066406,5,1
1029,2.0,1.5,1.2535663410560174,5,1
1030,2.25,2.0,1.1346805717910218,5,1
1031,2.2857142857142856,2,1.2777531299998797,5,1
1032,2.875,3.0,1.0532687216470449,5,1
1033,2.78125,3.0,1.2179484543690673,5,1
1034,2.5185185185185186,2,1.1343253948973004,5,1
1035,3.161764705882353,3.0,0.9332154110708889,5,1
1036,2.75,2.0,1.1636866703140785,5,1
1037,2.0,2.0,1.0801234497346435,5,1
1038,2.823529411764706,3,1.338800785498946,5,1
1039,4.011111111111111,4.0,0.8497639468888393,5,2
1040,2.6,3,1.0198039027185568,5,1
1041,3.193548387096774,3.0,1.0447828864968804,5,1
1042,3.142857142857143,3.0,1.0594569267279519,5,1
1043,3.0,3.0,1.118033988749895,5,1
1044,3.225,3.0,0.9614442261514705,5,1
1045,3.24,3,0.9068627239003709,5,2
1046,3.1739130434782608,3.0,0.8920993273340516,5,1
1047,2.8358208955223883,3.0,1.008871320365445,5,1
1048,3.0136986301369864,3,0.9721202739293248,5,1
1049,2.52,3,0.9431860898041277,4,1
1050,3.6511627906976742,4,0.8320252939534102,5,2
1051,3.2439024390243905,3,0.9571422863584674,5,1
1052,2.28,2,1.1496086290559933,5,1
1053,3.4583333333333335,3.0,0.956520023604083,5,1
1054,2.3043478260869565,3,1.120356411019576,5,1
1055,3.2,3.0,0.7483314773547882,4,2
1056,3.2,3.5,1.16619037896906,5,1
1057,2.3181818181818183,2.0,0.9237455196773446,4,1
1058,3.2666666666666666,3,1.1234866364235143,5,1
1059,2.7714285714285714,3,1.2668456729940205,5,1
1060,3.051282051282051,3,1.1311151282109122,5,1
1061,2.9310344827586206,3,1.112035551489455,5,1
1062,3.75,4.0,1.4215601757693317,5,1
1063,3.658536585365854,4,1.0956623144007904,5,1
1064,4.25,4.0,0.4330127018922193,5,4
1065,3.490566037735849,4,1.354554044965854,5,1
1066,3.0,3.0,1.1726039399558574,5,1
1067,3.4545454545454546,4.0,1.0965761892558927,5,1
1068,3.1666666666666665,3.0,0.8975274678557507,4,1
1069,3.1666666666666665,4.0,1.3844373104863457,5,1
1070,3.740740740740741,4,1.0034234951217826,5,1
1071,2.875,3.0,0.9270248108869579,4,1
1072,2.4285714285714284,3,1.049781318335648,4,1
1073,3.8181818181818183,4.0,1.0718023747774184,5,1
1074,2.961038961038961,3,1.0499419704627393,5,1
1075,3.4285714285714284,3,0.9035079029052513,5,2
1076,2.25,2.0,0.5951190357119042,3,1
1077,3.125,3.0,0.9270248108869579,4,1
1078,2.772727272727273,3.0,1.0842600401705966,5,1
1079,2.2444444444444445,2,1.1383331977658397,5,1
1080,4.0,4.0,0.0,4,4
1081,2.75,3.0,1.0897247358851685,4,1
1082,2.625,3.0,0.4841229182759271,3,2
1083,2.5,3.0,0.7637626158259734,3,1
1084,3.857142857142857,4,1.0367400503370114,5,2
1085,3.0,3,1.4770978917519928,5,1
1086,3.2857142857142856,3,1.118794297568641,5,1
1087,1.7,1.0,1.004987562112089,4,1
1088,2.230769230769231,2,0.9730085108210399,4,1
1089,2.1315789473684212,2.0,1.0802303027249365,5,1
1090,2.4054054054054053,2,1.1731099683357138,5,1
1091,2.7209302325581395,3,0.9723044167612499,4,1
1092,2.5,3.0,0.7637626158259734,3,1
1093,3.0869565217391304,3,1.3803919883815254,5,1
1094,2.4166666666666665,2.0,1.4976833963009524,5,1
1095,2.6206896551724137,2,1.0310287163949003,5,1
1096,2.6666666666666665,3,0.4714045207910317,3,2
1097,3.5,4.0,1.2133516482134197,5,1
1098,3.6904761904761907,4.0,0.8860854317108761,5,1
1099,3.4615384615384617,4,1.3367805536140587,5,1
1100,2.625,2.5,0.9921567416492215,4,1
1101,3.77027027027027,4.0,0.8783783783783777,5,1
1102,2.4285714285714284,3,1.2936264483053452,4,1
1103,3.789473684210526,4,0.9502878992246204,5,2
1104,3.0,3.0,1.5811388300841898,5,1
1105,2.8333333333333335,3.0,1.3017082793177759,5,1
1106,3.0,3.0,1.0,4,2
1107,3.0555555555555554,3.0,0.9702360664762767,4,1
1108,2.4,3,1.2000000000000002,4,1
1109,3.4285714285714284,3.5,0.9422075684480657,5,1
1110,2.8536585365853657,3,1.1803466958597915,5,1
1111,3.4285714285714284,4,1.178030178747903,5,1
1112,2.8,3,0.8326663997864533,4,1
1113,3.272727272727273,3.0,1.0523488093445659,5,1
1114,3.3,3.5,1.2688577540449522,5,1
1115,3.413793103448276,4,0.8912308954013849,5,1
1116,3.6153846153846154,4,0.6249260311258431,5,3
1117,3.1052631578947367,3,0.9676198058342229,5,1
1118,3.25531914893617,3,0.9777978972830689,5,1
1119,3.6610169491525424,4,0.8153229471732674,5,1
1120,3.0,3,1.0846522890932808,5,1
1121,3.761904761904762,4,1.0190921218586997,5,2
1122,5.0,5,0.0,5,5
1123,3.6666666666666665,4,0.4714045207910317,4,3
1124,3.8333333333333335,4.0,0.3726779962499649,4,3
1125,4.25,4.0,0.4330127018922193,5,4
1126,3.34375,4.0,1.2651426549998226,5,1
1127,2.909090909090909,3,1.2398346997259868,5,1
1128,2.6923076923076925,3,1.2639751327042297,5,1
1129,3.5714285714285716,4.0,1.2371791482634837,5,1
1130,4.0,4,0.0,4,4
1131,4.0,4,0.7844645405527362,5,3
1132,2.625,3.0,1.1110243021644486,5,1
1133,2.966666666666667,3.0,0.8749603165604459,5,1
1134,3.3157894736842106,3.0,1.1494910351495558,5,1
1135,2.9782608695652173,3.0,1.0731734823649988,5,1
1136,3.4827586206896552,4,1.0379253064339593,5,1
1137,3.9655172413793105,4,1.0333326940532204,5,1
1138,3.4,4,1.2000000000000002,5,2
1139,2.606060606060606,3,1.0713739108887086,5,1
1140,2.2941176470588234,2,0.955769224074819,4,1
1141,3.3333333333333335,3,0.816496580927726,5,2
1142,4.045454545454546,4.0,1.0861639223044108,5,1
1143,4.0,4,0.8944271909999159,5,2
1144,3.6666666666666665,3,0.9428090415820634,5,3
1145,2.6666666666666665,3,0.6666666666666666,4,2
1146,2.0,2,0.816496580927726,3,1
1147,3.6666666666666665,4,0.8357108940373449,5,1
1148,3.3333333333333335,3,1.0540925533894598,5,1
1149,3.8461538461538463,4.0,0.6617173282340482,5,3
1150,3.111111111111111,4,1.3698697784375504,5,1
1151,2.142857142857143,2,0.8329931278350429,3,1
1152,3.4285714285714284,4.0,1.1473127431577863,5,1
1153,3.473684210526316,3,0.9385555000066846,5,2
1154,3.3333333333333335,3.0,1.4337208778404378,5,1
1155,3.3333333333333335,3,1.247219128924647,5,2
1156,3.0,3,0.0,3,3
1157,2.88,3,1.2432216214336043,5,1
1158,4.0,4.0,0.7071067811865476,5,3
1159,3.5454545454545454,4,1.3726971700492272,5,1
1160,3.6153846153846154,4.0,1.2733034890189883,5,1
1161,2.923076923076923,3,0.8284868934053085,4,1
1162,1.6,1,0.8,3,1
1163,2.68,2,1.1906300852909775,5,1
1164,2.1666666666666665,2.5,0.8975274678557507,3,1
1165,1.8571428571428572,2.0,0.7423074889580902,3,1
1166,3.1666666666666665,3.0,1.2801909579781015,5,1
1167,3.5454545454545454,4,1.3726971700492272,5,1
1168,3.3181818181818183,3.5,1.0174104220726998,5,1
1169,4.1,4.0,0.5385164807134504,5,3
1170,3.074074074074074,3,1.0514866345613623,5,1
1171,3.142857142857143,3.0,0.989743318610787,5,1
1172,3.6666666666666665,4,1.1352924243950935,5,1
1173,2.5714285714285716,2,1.049781318335648,4,1
1174,3.25,3.0,1.1989578808281798,5,1
1175,3.4,5,1.9595917942265426,5,1
1176,3.3636363636363638,4.0,1.3329889362377436,5,1
1177,1.8571428571428572,1,1.456862718169367,5,1
1178,2.473684210526316,3,0.9930506454796425,4,1
1179,2.111111111111111,2,0.9938079899999066,4,1
1180,2.5,2.5,0.806225774829855,4,1
1181,2.5,2.5,1.02469507659596,4,1
1182,2.3076923076923075,2,0.7216024245882199,3,1
1183,2.210526315789474,2,1.0552598766191275,4,1
1184,2.5,3.0,1.2041594578792296,5,1
1185,2.2777777777777777,2.0,1.0957268290731121,4,1
1186,3.3333333333333335,3,0.4714045207910317,4,3
1187,3.230769230769231,3,1.049090899768143,5,1
1188,2.772727272727273,3.0,0.9968960090664231,5,1
1189,5.0,5,0.0,5,5
1190,3.3636363636363638,3,0.9791208740244552,5,2
1191,4.333333333333333,5,0.9428090415820634,5,3
1192,3.3846153846153846,4,1.3323467750529825,5,1
1193,3.8,4.0,1.077032961426901,5,1
1194,4.064516129032258,4,0.8775142263700284,5,1
1195,3.272727272727273,3,1.4200453956193917,5,1
1196,3.0,3,0.816496580927726,4,2
1197,3.5555555555555554,4,0.8043093809268383,5,1
1198,3.142857142857143,3,1.124858267715973,5,1
1199,2.869565217391304,3,1.3610848558694373,5,1
1200,3.2857142857142856,4,1.0301575072754257,4,1
1201,5.0,5,0.0,5,5
1202,3.5,4.0,1.118033988749895,5,1
1203,4.0476190476190474,4,1.0900498230723423,5,2
1204,3.611111111111111,4.0,0.8906233078822999,5,2
1205,3.0,3.0,1.1547005383792515,5,1
1206,2.6842105263157894,3,0.9761703679469165,5,1
1207,2.2941176470588234,2,1.1253603805711172,5,1
1208,2.85,3.0,0.9096702699330127,4,1
1209,2.533333333333333,3,1.0241527663824812,4,1
1210,2.736842105263158,3.0,1.1626695807565532,5,1
1211,3.4166666666666665,3.0,0.759202798262025,5,2
1212,2.8333333333333335,2.5,0.8975274678557507,4,2
1213,2.1666666666666665,2.0,0.6871842709362768,3,1
1214,2.0,2,0.9428090415820634,4,1
1215,1.9333333333333333,2.0,0.9637888196533975,4,1
1216,3.0,3.0,0.816496580927726,4,2
1217,2.871794871794872,3,1.113541064133767,5,1
1218,3.4615384615384617,3.5,0.92946507489189,5,1
1219,2.9,3.0,0.9949874371066202,4,1
1220,3.3333333333333335,3.0,1.1642832797715321,5,1
1221,3.4871794871794872,3,1.009488188975873,5,1
1222,2.68,3,0.9682974749528163,5,1
1223,3.5,3.5,0.5,4,3
1224,2.6666666666666665,3.0,0.8498365855987975,4,1
1225,2.642857142857143,3.0,0.7178482586514923,4,1
1226,3.375,4.0,0.7806247497997998,4,2
1227,2.375,2.5,0.9921567416492215,4,1
1228,2.4583333333333335,3.0,1.0598414451647422,4,1
1229,2.1538461538461537,2,1.0986812966989,5,1
1230,1.8333333333333333,2.0,0.7637626158259734,3,1
1231,2.5,2.5,0.8918825850158447,4,1
1232,2.4705882352941178,3,1.0910139406465533,5,1
1233,3.5,3.5,1.3844373104863459,5,1
1234,2.375,2.0,1.4947825928876748,5,1
1235,4.0,4,0.0,4,4
1236,3.0,3,0.0,3,3
1237,3.5,3.0,0.7637626158259734,5,3
1238,3.125,3.0,1.0532687216470449,5,2
1239,2.4444444444444446,2.0,1.2120791238484128,5,1
1240,3.6538461538461537,4.0,1.2991804426195799,5,1
1241,2.6666666666666665,2.5,1.1055415967851334,4,1
1242,2.6,2,1.624807680927192,5,1
1243,3.7142857142857144,4,0.6998542122237652,5,3
1244,2.9166666666666665,3.0,0.924211375534118,5,1
1245,3.210526315789474,3,1.2805815853259408,5,1
1246,1.5714285714285714,1,0.7284313590846835,3,1
1247,1.8333333333333333,2.0,0.6871842709362768,3,1
1248,3.0,3,0.7254762501100116,4,1
1249,2.8333333333333335,3.0,0.7993052538854533,4,1
1250,1.5,1.0,0.7637626158259734,3,1
1251,4.125,4.0,0.7806247497997998,5,3
1252,3.0,3,1.247219128924647,5,1
1253,2.4285714285714284,2,1.178030178747903,4,1
1254,1.8181818181818181,2,0.8331955809010619,3,1
1255,2.25,2.0,0.9682458365518543,4,1
1256,2.0,2,0.816496580927726,3,1
1257,1.75,1.5,0.82915619758885,3,1
1258,2.5217391304347827,3,1.0982026904621818,5,1
1259,2.0,2.0,1.0,3,1
1260,2.75,2.5,1.479019945774904,5,1
1261,3.25,4.0,1.299038105676658,4,1
1262,3.625,3.0,1.1110243021644486,5,2
1263,2.933333333333333,3,0.8537498983243798,4,1
1264,3.2857142857142856,3,0.6998542122237652,4,2
1265,3.0526315789473686,3,1.2343199367956394,5,1
1266,3.1666666666666665,3.5,1.3437096247164249,5,1
1267,3.0,3,0.8876253645985945,4,1
1268,3.3,3.0,1.3453624047073711,5,1
1269,3.9,4.0,1.044030650891055,5,2
1270,2.2857142857142856,3,0.880630571852711,3,1
1271,2.7142857142857144,2,0.880630571852711,4,2
1272,1.8,1,0.9797958971132713,3,1
1273,2.7333333333333334,2,0.9285592184789414,5,2
1274,1.7272727272727273,2,0.7496555682941201,3,1
1275,2.5,2.0,1.6583123951777,5,1
1276,2.5,2.5,1.118033988749895,4,1
1277,3.4210526315789473,4,1.091391650175143,5,1
1278,3.625,4.0,1.2183492931011204,5,1
1279,2.888888888888889,3,0.8748897637790901,4,1
1280,2.6875,3.0,1.4017288432503627,5,1
1281,3.1538461538461537,3,1.0262818510866412,5,1
1282,3.2222222222222223,3,1.227262335243029,5,1
1283,2.6842105263157894,3,1.1263649767911945,5,1
1284,2.8461538461538463,3.0,0.9880948137434714,5,1
1285,3.1333333333333333,3,0.6182412330330469,4,2
1286,3.7058823529411766,4,1.0718157151934469,5,2
1287,1.3333333333333333,1.0,0.4714045207910317,2,1
1288,3.0,4,1.3093073414159542,4,1
1289,2.142857142857143,2,0.9897433186107869,4,1
1290,1.5,1.5,0.5,2,1
1291,2.2,2,0.9797958971132714,4,1
1292,1.6666666666666667,1,0.9428090415820634,3,1
1293,5.0,5,0.0,5,5
1294,3.142857142857143,4,1.4568627181693672,5,1
1295,2.5714285714285716,3,1.2936264483053452,5,1
1296,3.25,3.0,1.2196310917650468,5,1
1297,2.8333333333333335,3.0,1.1426091000668408,4,1
1298,3.6666666666666665,3,1.0540925533894598,5,2
1299,3.0,3.0,0.8660254037844386,4,2
1300,2.3333333333333335,2,0.9428090415820635,4,1
1301,3.8,4,0.7483314773547882,5,3
1302,3.4,3,1.4966629547095767,5,1
1303,2.3333333333333335,2.0,0.881917103688197,4,1
1304,2.5,2.5,1.5,4,1
1305,2.4285714285714284,3,1.049781318335648,4,1
1306,3.0,3.0,2.0,5,1
1307,1.5,1.5,0.5,2,1
1308,1.0,1.0,0.0,1,1
1309,1.0,1,0.0,1,1
1310,3.0,3,0.0,3,3
1311,2.5,3.0,1.224744871391589,5,1
1312,3.0,3,1.0690449676496976,4,1
1313,3.142857142857143,3.5,1.1866605518454392,5,1
1314,2.4545454545454546,3,0.7820295697311479,3,1
1315,3.130434782608696,3,0.946588741612054,4,1
1316,2.7142857142857144,3,1.5779087167410373,5,1
1317,2.0,1.5,1.224744871391589,4,1
1318,1.3333333333333333,1,0.4714045207910317,2,1
1319,1.75,1.5,0.82915619758885,3,1
1320,1.0,1,0.0,1,1
1321,2.5,2.5,1.5,4,1
1322,2.3333333333333335,2.5,0.7453559924999298,3,1
1323,2.6666666666666665,3,1.247219128924647,4,1
1324,2.4,2,1.019803902718557,4,1
1325,1.0,1,0.0,1,1
1326,3.3333333333333335,4.0,1.1055415967851334,4,1
1327,2.3333333333333335,2,1.247219128924647,4,1
1328,3.1666666666666665,4.0,1.2133516482134197,4,1
1329,1.0,1,0.0,1,1
1330,2.5,3.0,0.8660254037844386,3,1
1331,3.0,3.5,1.224744871391589,4,1
1332,2.0,2.0,1.0,3,1
1333,2.8,3,0.9797958971132712,4,1
1334,1.0,1.0,0.0,1,1
1335,2.6363636363636362,3,1.0679400113155209,4,1
1336,1.8,1.5,0.8717797887081347,3,1
1337,2.3333333333333335,3,0.9428090415820635,3,1
1338,2.25,2.0,1.299038105676658,4,1
1339,1.0,1,0.0,1,1
1340,1.0,1,0.0,1,1
1341,1.0,1,0.0,1,1
1342,2.5,2.5,1.5,4,1
1343,1.0,1,0.0,1,1
1344,3.2,3,1.32664991614216,5,1
1345,2.0,2.0,1.0,3,1
1346,2.4,3,1.2000000000000002,4,1
1347,2.75,2.5,1.479019945774904,5,1
1348,1.0,1,0.0,1,1
1349,1.0,1,0.0,1,1
1350,1.5,1.5,0.5,2,1
1351,2.0,2,0.816496580927726,3,1
1352,1.0,1,0.0,1,1
1353,2.6,3,1.3564659966250538,4,1
1354,1.0,1.0,0.0,1,1
1355,2.6666666666666665,2.5,1.699673171197595,5,1
1356,2.6666666666666665,3,1.247219128924647,4,1
1357,2.6666666666666665,2,1.699673171197595,5,1
1358,3.0,3.0,2.0,5,1
1359,1.0,1.0,0.0,1,1
1360,1.5,1.5,0.5,2,1
1361,2.6666666666666665,3,1.247219128924647,4,1
1362,2.0,2.0,1.0,3,1
1363,1.0,1,0.0,1,1
1364,1.0,1,0.0,1,1
1365,1.5,1.5,0.5,2,1
1366,1.0,1,0.0,1,1
1367,4.2,5,1.16619037896906,5,2
1368,3.6666666666666665,4.5,1.5986105077709065,5,1
1369,2.75,3.0,1.0897247358851685,4,1
1370,2.6666666666666665,3,1.247219128924647,4,1
1371,1.5,1.5,0.5,2,1
1372,3.0,4,1.4142135623730951,4,1
1373,1.0,1,0.0,1,1
1374,1.0,1.0,0.0,1,1
1375,3.6,3.5,1.2,5,1
1376,2.142857142857143,2,0.9897433186107869,4,1
1377,3.25,3.5,1.479019945774904,5,1
1378,2.2,2,0.7483314773547882,3,1
1379,2.857142857142857,3,0.8329931278350428,4,1
1380,2.3333333333333335,2.0,0.9428090415820634,4,1
1381,3.25,3.0,0.82915619758885,5,2
1382,2.0,2.0,1.0,3,1
1383,2.0,1.5,1.1547005383792515,4,1
1384,1.6666666666666667,1,0.9428090415820634,3,1
1385,2.8,3,1.16619037896906,4,1
1386,2.6666666666666665,3.0,1.247219128924647,4,1
1387,2.0,2,0.816496580927726,3,1
1388,3.3333333333333335,3.5,1.247219128924647,5,1
1389,3.0,3,1.632993161855452,5,1
1390,2.0,2.0,1.0,3,1
1391,2.0,1,1.4142135623730951,4,1
1392,2.0,1,1.2649110640673518,4,1
1393,2.111111111111111,2,0.7370277311900889,3,1
1394,2.4285714285714284,1,1.6781914463529615,5,1
1395,2.3333333333333335,2.0,1.3743685418725535,4,1
1396,4.2,4,0.39999999999999997,5,4
1397,3.2,4,1.16619037896906,4,1
1398,4.5,4.5,0.5,5,4
1399,2.4285714285714284,2,0.9035079029052513,4,1
1400,3.1,3.0,1.0440306508910548,5,1
1401,3.2222222222222223,3.0,1.1331154474650633,5,1
1402,2.75,3.0,1.299038105676658,4,1
1403,2.75,3.0,1.0897247358851685,4,1
1404,3.230769230769231,3,1.2498520622516862,5,1
1405,3.3333333333333335,3.5,1.4907119849998598,5,1
1406,3.4,3,0.4898979485566356,4,3
1407,2.25,2.0,0.7664854858377946,3,1
1408,1.0,1,0.0,1,1
1409,2.857142857142857,3,1.1248582677159729,4,1
1410,2.75,2.5,1.479019945774904,5,1
1411,2.5714285714285716,3.0,1.083267920578793,4,1
1412,1.6666666666666667,1.5,0.7453559924999299,3,1
1413,2.75,2.5,1.1989578808281798,5,1
1414,2.0,2,0.0,2,2
1415,2.4444444444444446,2,1.0657403385139377,4,1
1416,2.4,2,0.4898979485566356,3,2
1417,2.5,2.5,0.5,3,2
1418,3.6666666666666665,4,0.4714045207910317,4,3
1419,2.125,2.0,1.0532687216470449,5,1
1420,1.3333333333333333,1,0.4714045207910317,2,1
1421,3.1818181818181817,3,1.1134044285378082,5,1
1422,2.25,2.5,0.82915619758885,3,1
1423,2.25,2.5,0.82915619758885,3,1
1424,2.3333333333333335,3,0.9428090415820634,3,1
1425,2.6,2.5,1.1135528725660042,4,1
1426,3.25,3.0,1.1989578808281798,5,2
1427,2.8,2,1.16619037896906,5,2
1428,3.6666666666666665,3.5,0.74535599249993,5,3
1429,2.75,2.5,1.7853571071357126,5,1
1430,2.3333333333333335,3,0.9428090415820634,3,1
1431,3.4,4,1.3564659966250536,5,1
1432,1.0,1,0.0,1,1
1433,2.0,2.0,1.0,3,1
1434,2.5,2.5,1.4317821063276353,5,1
1435,2.5714285714285716,3,0.9035079029052513,4,1
1436,2.5,2.5,0.5,3,2
1437,2.0,2,0.6666666666666666,3,1
1438,2.4,3,1.2000000000000002,4,1
1439,3.0,3.0,1.118033988749895,5,1
1440,3.0,3,0.6324555320336759,4,2
1441,2.5714285714285716,3,0.7284313590846836,3,1
1442,2.4,3,1.2,4,1
1443,3.75,4.0,1.0897247358851685,5,2
1444,2.473684210526316,3,0.9385555000066848,4,1
1445,2.75,3.0,1.0897247358851685,4,1
1446,3.1333333333333333,3,1.024152766382481,5,1
1447,3.0,3,0.0,3,3
1448,3.6666666666666665,3,0.9428090415820634,5,3
1449,4.625,5.0,0.4841229182759271,5,4
1450,4.0,4.0,1.0,5,3
1451,3.8666666666666667,4,0.7180219742846006,5,3
1452,4.0,4,0.0,4,4
1453,2.0,2,0.0,2,2
1454,3.0,3.0,0.5773502691896257,4,2
1455,2.5,2.5,0.5,3,2
1456,3.7142857142857144,4,0.4517539514526256,4,3
1457,3.0,3,0.0,3,3
1458,4.0,4,0.0,4,4
1459,3.5714285714285716,4,0.9035079029052513,5,2
1460,3.0,3,0.0,3,3
1461,2.0,2,0.0,2,2
1462,3.7142857142857144,3,0.880630571852711,5,3
1463,3.3333333333333335,4,1.699673171197595,5,1
1464,2.3333333333333335,2,1.247219128924647,4,1
1465,2.3333333333333335,2,0.4714045207910317,3,2
1466,4.0,4.0,0.816496580927726,5,3
1467,5.0,5.0,0.0,5,5
1468,3.3333333333333335,3.5,1.247219128924647,5,1
1469,3.1666666666666665,3.0,1.1426091000668408,5,1
1470,2.6,2,1.3564659966250536,5,1
1471,2.4444444444444446,2,1.0657403385139377,4,1
1472,3.5,3.5,1.5,5,2
1473,3.5555555555555554,4,1.1653431646335017,5,1
1474,2.8333333333333335,3.0,1.0671873729054748,4,1
1475,2.875,3.0,1.165922381636102,5,1
1476,2.0,2,0.0,2,2
1477,2.5,2.5,0.5,3,2
1478,2.7222222222222223,3.0,0.9891385452647142,4,1
1479,2.75,3.0,1.0897247358851685,5,1
1480,2.272727272727273,2,0.9620913858416694,4,1
1481,3.0,3.0,1.0,4,2
1482,4.0,4,0.0,4,4
1483,3.4166666666666665,4.0,1.0374916331657276,5,1
1484,2.6666666666666665,3,1.247219128924647,4,1
1485,3.5,3.5,0.5,4,3
1486,1.0,1,0.0,1,1
1487,2.0,2,0.8944271909999159,3,1
1488,3.0,3.5,1.224744871391589,4,1
1489,2.2,2,0.7483314773547882,3,1
1490,3.0,3,0.816496580927726,4,2
1491,3.0,3.0,2.0,5,1
1492,4.0,4,0.0,4,4
1493,1.0,1,0.0,1,1
1494,1.0,1,0.0,1,1
1495,3.6,3,0.8,5,3
1496,2.8,3,1.16619037896906,4,1
1497,3.0,3.0,1.0,4,2
1498,4.0,4,0.0,4,4
1499,3.25,3.5,1.479019945774904,5,1
1500,5.0,5.0,0.0,5,5
1501,3.0,3,1.0954451150103321,4,1
1502,1.5,1.5,0.5,2,1
1503,3.1,3.0,1.1357816691600546,5,1
1504,3.6666666666666665,4,0.4714045207910317,4,3
1505,4.0,4,0.0,4,4
1506,3.6666666666666665,4,0.4714045207910317,4,3
1507,3.0,3,0.0,3,3
1508,2.3333333333333335,3,0.9428090415820634,3,1
1509,1.6,1,0.8,3,1
1510,3.0,3,0.0,3,3
1511,3.2,3,0.7483314773547882,4,2
1512,4.0,5.0,1.5275252316519468,5,1
1513,2.0,2,0.0,2,2
1514,3.142857142857143,3,1.1248582677159729,5,2
1515,4.0,4,0.0,4,4
1516,4.0,4,0.816496580927726,5,3
1517,2.8,3,1.16619037896906,4,1
1518,3.0,3.0,0.816496580927726,4,2
1519,3.0,3.0,1.0,4,2
1520,3.0,3,0.0,3,3
1521,3.0,3.0,0.0,3,3
1522,2.4285714285714284,3,0.7284313590846836,3,1
1523,3.0,3.0,1.0,4,2
1524,4.25,4.0,0.6614378277661477,5,3
1525,4.0,4,0.0,4,4
1526,4.0,4,0.0,4,4
1527,2.4285714285714284,2,1.178030178747903,4,1
1528,2.3333333333333335,2,0.4714045207910317,3,2
1529,2.8,3,1.32664991614216,5,1
1530,2.0,2,0.6324555320336759,3,1
1531,3.2857142857142856,4,1.0301575072754257,4,1
1532,2.0,2.0,0.0,2,2
1533,4.0,4,0.0,4,4
1534,2.1666666666666665,1.5,1.3437096247164249,4,1
1535,3.0,3.5,1.224744871391589,4,1
1536,5.0,5,0.0,5,5
1537,4.0,4.0,0.7071067811865476,5,3
1538,3.0,3,0.0,3,3
1539,1.75,2.0,0.4330127018922193,2,1
1540,2.8,2.5,1.1661903789690602,5,1
1541,3.5,3.5,0.5,4,3
1542,3.0,3.0,1.0,4,2
1543,3.0,3,0.0,3,3
1544,2.6666666666666665,3,1.247219128924647,4,1
1545,2.5,2.0,0.8660254037844386,4,2
1546,1.0,1,0.0,1,1
1547,3.0,3.0,1.0,4,2
1548,1.0,1,0.0,1,1
1549,1.5,1.5,0.5,2,1
1550,3.0,3.0,0.0,3,3
1551,2.0,2.0,1.0,3,1
1552,2.0,2,0.816496580927726,3,1
1553,2.75,3.0,1.0897247358851685,4,1
1554,3.0,3.0,1.0,4,2
1555,2.6,3,1.019803902718557,4,1
1556,2.0,2.0,1.0,3,1
1557,1.0,1,0.0,1,1
1558,3.5714285714285716,5,1.761261143705422,5,1
1559,1.0,1,0.0,1,1
1560,2.75,3.0,1.299038105676658,4,1
1561,1.0,1,0.0,1,1
1562,1.0,1,0.0,1,1
1563,1.0,1,0.0,1,1
1564,1.0,1,0.0,1,1
1565,1.0,1,0.0,1,1
1566,1.0,1,0.0,1,1
1567,1.0,1,0.0,1,1
1568,1.0,1,0.0,1,1
1569,1.0,1,0.0,1,1
1570,1.0,1,0.0,1,1
1571,1.0,1,0.0,1,1
1572,1.0,1,0.0,1,1
1573,2.5,2.5,1.5,4,1
1574,1.0,1,0.0,1,1
1575,1.0,1,0.0,1,1
1576,1.0,1,0.0,1,1
1577,1.0,1,0.0,1,1
1578,2.0,2.0,1.0,3,1
1579,1.0,1,0.0,1,1
1580,1.0,1,0.0,1,1
1581,1.0,1,0.0,1,1
1582,1.0,1,0.0,1,1
1583,1.0,1,0.0,1,1
1584,1.0,1,0.0,1,1
1585,2.5,2.5,1.5,4,1
1586,1.0,1,0.0,1,1
1587,1.0,1,0.0,1,1
1588,2.0,2.0,1.0,3,1
1589,3.0,3.0,1.4142135623730951,5,1
1590,2.0,2.0,1.0,3,1
1591,3.1666666666666665,3.5,1.674979270186815,5,1
1592,3.6,4,1.4966629547095764,5,1
1593,4.0,4,0.0,4,4
1594,4.5,4.5,0.5,5,4
1595,2.0,2,0.0,2,2
1596,2.0,2,0.0,2,2
1597,3.0,3,1.2649110640673518,5,1
1598,2.5,2.5,1.3844373104863459,5,1
1599,5.0,5,0.0,5,5
1600,3.75,3.5,0.82915619758885,5,3
1601,1.0,1,0.0,1,1
1602,3.3333333333333335,3,0.4714045207910317,4,3
1603,3.0,3,0.0,3,3
1604,4.0,4,0.0,4,4
1605,3.0,2.5,1.224744871391589,5,2
1606,2.0,2,0.0,2,2
1607,3.3333333333333335,3,1.247219128924647,5,2
1608,2.25,2.0,0.4330127018922193,3,2
1609,1.6666666666666667,1,0.9428090415820634,3,1
1610,2.0,2,0.816496580927726,3,1
1611,3.0,3.0,0.0,3,3
1612,3.75,4.5,1.6393596310755,5,1
1613,4.0,4,0.0,4,4
1614,3.0,3,0.0,3,3
1615,3.0,3.0,1.0,4,1
1616,4.0,4,0.0,4,4
1617,3.0,3.0,2.0,5,1
1618,1.0,1,0.0,1,1
1619,3.0,3,0.0,3,3
1620,3.2222222222222223,3,1.1331154474650633,5,1
1621,1.0,1,0.0,1,1
1622,2.3333333333333335,2,1.247219128924647,4,1
1623,4.0,4,0.0,4,4
1624,2.0,2,0.0,2,2
1625,4.0,4,0.0,4,4
1626,1.0,1,0.0,1,1
1627,3.0,3,0.0,3,3
1628,3.75,4.0,1.299038105676658,5,2
1629,4.0,4.0,1.0,5,3
1630,3.0,3,0.0,3,3
1631,3.5,3.5,0.5,4,3
1632,3.0,3,0.0,3,3
1633,3.0,3,0.0,3,3
1634,2.0,2,0.0,2,2
1635,3.0,3,0.0,3,3
1636,4.0,4,0.0,4,4
1637,3.0,3,0.0,3,3
1638,3.0,3,0.0,3,3
1639,4.333333333333333,4,0.4714045207910317,5,4
1640,3.0,3,0.0,3,3
1641,3.0,3,0.0,3,3
1642,4.5,4.5,0.5,5,4
1643,3.75,4.0,1.299038105676658,5,2
1644,1.5,1.5,0.5,2,1
1645,4.0,4,0.0,4,4
1646,3.5,3.5,0.5,4,3
1647,3.0,3,0.0,3,3
1648,2.0,2,0.0,2,2
1649,3.0,3,0.0,3,3
1650,4.0,4,0.0,4,4
1651,4.0,4,0.0,4,4
1652,1.6666666666666667,1,0.9428090415820634,3,1
1653,5.0,5,0.0,5,5
1654,1.0,1,0.0,1,1
1655,2.0,2,0.0,2,2
1656,3.5,3.5,1.5,5,2
1657,3.0,3,0.0,3,3
1658,3.0,3,0.816496580927726,4,2
1659,1.0,1,0.0,1,1
1660,2.0,2,0.0,2,2
1661,1.0,1,0.0,1,1
1662,2.5,2.5,1.5,4,1
1663,2.0,2,0.0,2,2
1664,3.25,4.0,1.299038105676658,4,1
1665,2.0,2,0.0,2,2
1666,2.0,2,0.0,2,2
1667,3.0,3,0.0,3,3
1668,3.0,3,0.0,3,3
1669,2.0,2,0.0,2,2
1670,3.0,3,0.0,3,3
1671,1.0,1,0.0,1,1
1672,2.0,2.0,0.0,2,2
1673,3.0,3,0.0,3,3
1674,4.0,4,0.0,4,4
1675,3.0,3,0.0,3,3
1676,2.0,2,0.0,2,2
1677,3.0,3,0.0,3,3
1678,1.0,1,0.0,1,1
1679,3.0,3,0.0,3,3
1680,2.0,2,0.0,2,2
1681,3.0,3,0.0,3,3
1682,3.0,3,0.0,3,3
