1,3.610294117647059,4.0,1.26125984003418,5,1
2,3.7096774193548385,4.0,1.0221277108228939,5,1
3,2.7962962962962963,3.0,1.2076857211615086,5,1
4,4.333333333333333,5.0,0.8975274678557508,5,2
5,2.874285714285714,3,1.3590633028760992,5,1
6,3.6350710900473935,4,1.036994549825603,5,1
7,3.965260545905707,4,1.0631588865131658,5,1
8,3.7966101694915255,4,1.2320530064668647,5,1
9,4.2727272727272725,4.0,0.9136250564655355,5,1
10,4.206521739130435,4.0,0.5811914950128199,5,3
11,3.4640883977900554,3,0.9313940558181893,5,1
12,4.392156862745098,5,0.7689675118089252,5,1
13,3.09748427672956,3.0,1.415300474154771,5,1
14,4.091836734693878,4.0,1.0310162877420206,5,1
15,2.875,3.0,1.3350849872112722,5,1
16,4.328571428571428,5.0,1.0381498456585234,5,1
17,3.0357142857142856,3.0,1.1174634176544298,5,1
18,3.88086642599278,4,0.847737681776522,5,2
19,3.55,4.0,0.8046738469715542,5,2
20,3.1041666666666665,3.0,1.1408984641744224,5,1
21,2.670391061452514,3,1.323515448780379,5,1
22,3.3515625,4.0,1.4873941335751428,5,1
23,3.6357615894039736,4,0.9523998527846526,5,1
24,4.323529411764706,5.0,0.8124251362901843,5,2
25,4.051282051282051,4.0,0.6180497842663563,5,2
26,2.94392523364486,3,0.851955153276884,5,1
27,3.24,3,0.8616263691415208,5,2
28,3.721518987341772,4,0.9538291763941523,5,1
29,3.6470588235294117,4.0,0.8705087404087496,5,2
30,3.7674418604651163,4,0.9844656041170566,5,1
31,3.9166666666666665,4.0,0.9537935951882995,5,2
32,3.317073170731707,3,0.8954907195456498,5,1
33,3.7083333333333335,4.0,0.5384519993050036,5,3
34,4.05,5.0,1.3592277219068185,5,1
35,3.0,3,0.938083151964686,5,1
36,3.8,4.0,1.2489995996796797,5,1
37,3.6491228070175437,4,0.9821428071774319,5,1
38,3.71900826446281,5,1.5914188300047467,5,1
39,3.772727272727273,4.0,0.9011012546181368,5,2
40,2.8857142857142857,3,0.9493284414763514,4,1
41,3.769230769230769,4.0,0.7994080650317895,5,2
42,3.726775956284153,4,1.0618542340101527,5,1
43,3.7104072398190047,4,1.0145236346169837,5,1
44,3.6490066225165565,4,0.9980024784418171,5,1
45,3.6041666666666665,4.0,0.9069082858199552,5,2
46,4.111111111111111,4,0.916245694581702,5,2
47,3.64,4,0.8890444308357147,5,2
48,3.787878787878788,4.0,1.0374086526438604,5,1
49,2.683720930232558,3,1.2510331047165812,5,1
50,3.5416666666666665,4.0,1.3533651474093094,5,1
51,3.5652173913043477,4,1.1731076141940906,5,1
52,4.267857142857143,4.0,0.7194013242315604,5,2
53,3.8214285714285716,4.0,0.8885610931874807,5,2
54,3.6923076923076925,4,1.1357556200179542,5,1
55,3.2857142857142856,3,1.4521857792358959,5,1
56,3.641711229946524,4,0.9336108168040717,5,1
57,3.5,3.0,1.0210057934158254,5,1
58,3.8376623376623376,4.0,1.229881100898693,5,1
59,3.9345549738219896,4.0,1.0601835689433523,5,1
60,4.086538461538462,4.0,0.6295690974950334,5,2
61,2.9523809523809526,3,1.2140522651411392,5,1
62,3.3017241379310347,3.0,1.112002136457627,5,1
63,3.118279569892473,3,0.9820919340886405,5,1
64,3.585,4.0,0.9963809512430477,5,1
65,3.9375,4.0,0.8852083088177607,5,1
66,3.473684210526316,4.0,1.019206143738794,5,1
67,3.7666666666666666,4.0,0.8825468196582483,5,1
68,3.0294117647058822,3.0,1.5808652529854923,5,1
69,3.8461538461538463,4,1.0558375345706763,5,1
70,3.4656488549618323,4,0.8130398140882042,5,1
71,3.789473684210526,4.0,1.0300203047779437,5,1
72,3.8175182481751824,4,1.0478965939274794,5,1
73,3.727272727272727,4.0,1.1487206921833248,5,1
74,3.641025641025641,4,0.6975113081402792,5,2
75,3.278481012658228,4,1.3495119498559613,5,1
76,3.5609756097560976,4.0,1.116369999155689,5,1
77,3.611111111111111,4.0,1.1967032904743342,5,1
78,3.380952380952381,4,1.2526615655205626,5,1
79,4.0,4,1.026910636104941,5,2
80,3.7586206896551726,4,1.0053365335940172,5,1
81,3.293103448275862,3.0,1.0987237218175736,5,1
82,3.0714285714285716,3.0,1.18307221417189,5,1
83,3.4193548387096775,4,1.1180107203706424,5,1
84,3.8529411764705883,4.0,0.7908429211616913,5,2
85,3.5381944444444446,4.0,0.8113343371482571,5,1
86,3.5217391304347827,3,1.137104072228002,5,1
87,3.7914691943127963,4,0.9257369155050132,5,1
88,3.9523809523809526,4,1.132893071749554,5,1
89,4.0394736842105265,4.0,1.1406460481684122,5,1
90,4.223333333333334,4.0,0.923826583053093,5,1
91,3.8877551020408165,4.0,1.028994487016672,5,1
92,3.2448453608247423,3.0,0.973541323234659,5,1
93,3.35,4.0,1.194780314534852,5,1
94,3.6575,4.0,1.0149846057945935,5,1
95,3.41726618705036,4.0,1.1246056419953439,5,1
96,4.267857142857143,4.5,0.9352438839409646,5,1
97,4.158730158730159,5,1.1297752158269359,5,1
98,3.5925925925925926,3,1.2840693202488678,5,1
99,3.551470588235294,4.0,1.0901959682254145,5,1
100,3.0677966101694913,3,1.039302353678365,5,1
101,2.8955223880597014,3,0.866186156928174,5,1
102,2.615740740740741,3.0,0.742575851847876,4,1
103,3.6206896551724137,4,0.9252695079309475,5,1
104,2.6666666666666665,3,1.1494874167738078,5,1
105,3.391304347826087,3,1.052497255383496,5,2
106,3.765625,4.0,0.7013867402332326,5,2
107,3.0,3.0,1.243163121016122,5,1
108,3.5757575757575757,3,0.9544251968499166,5,2
109,3.4401709401709404,3.0,1.135409849497094,5,1
110,3.045112781954887,3,0.8572088089651488,5,1
111,3.5416666666666665,4.0,0.911919526176637,5,2
112,3.6956521739130435,4.0,1.0605487754478662,5,1
113,3.7254901960784315,4,1.1039755498242545,5,1
114,3.6041666666666665,3.0,0.9069082858199551,5,2
115,3.9347826086956523,4.0,1.1684656217718863,5,1
116,3.006993006993007,3,0.9787711969071998,5,1
117,3.9186046511627906,4.0,1.0254337287564659,5,1
118,4.661971830985915,5,0.7495287152478913,5,1
119,3.9502762430939224,4,1.0097658122123956,5,1
120,3.576923076923077,4.0,0.9676727404160865,5,2
121,3.608108108108108,4.0,1.3235656955643713,5,1
122,3.9836065573770494,4,0.9665182277366346,5,1
123,3.8518518518518516,4.0,1.0955703302036324,5,1
124,3.5,3.5,1.0,5,1
125,3.4395604395604398,3.0,1.294186419379104,5,1
126,3.533333333333333,4,1.1661903789690602,5,1
127,4.130434782608695,5,1.483367139933216,5,1
128,3.6630434782608696,4.0,1.0137872805887607,5,1
129,2.6,2.0,1.1430952132988164,5,1
130,3.9858356940509916,4,0.9798669888202958,5,1
131,4.133333333333334,4.0,1.0241527663824812,5,1
132,3.772727272727273,4.0,0.6695872664843743,5,3
133,3.1923076923076925,3.0,1.0748606624986246,5,1
134,3.64,4,1.0537551897855593,5,2
135,3.381818181818182,4,0.7743832523289769,5,1
136,4.3428571428571425,4,0.7148569144683887,5,2
137,4.319148936170213,5,1.093625300076289,5,1
138,4.2745098039215685,4,0.6591269142733964,5,2
139,4.0,4.0,0.816496580927726,5,2
140,3.4285714285714284,3,0.7911070345636262,5,2
141,3.4299065420560746,4,1.333340611969536,5,1
142,3.6363636363636362,4,1.1759762370868032,5,1
143,3.9,4.0,0.99498743710662,5,2
144,3.674757281553398,4.0,0.9481938319929655,5,1
145,3.3354430379746836,3.0,1.3053481008822296,5,1
146,3.6206896551724137,4,1.1865276230403623,5,1
147,4.2,4.0,0.8124038404635961,5,2
148,4.0,4,1.2649110640673518,5,1
149,2.888888888888889,3.0,1.0999438818457405,5,1
150,3.84375,4.0,1.0034121473751452,5,1
151,3.996742671009772,4,1.0383473819359872,5,1
152,4.320754716981132,5.0,0.9861988185186391,5,1
153,2.9565217391304346,3,1.4589531943967406,5,1
154,3.9607843137254903,4,0.8847462096218411,5,2
155,2.6363636363636362,2.0,0.8282212344676636,5,2
156,3.72972972972973,4,0.793509094913686,5,2
157,3.784313725490196,4,1.2257646751441398,5,1
158,3.8034682080924855,4,1.000918419510445,5,1
159,3.4299065420560746,4,1.3333406119695355,5,1
160,3.9166666666666665,4.0,1.0048493529988571,5,1
161,2.5517241379310347,2.0,1.1168368786690792,5,1
162,3.5952380952380953,4.0,0.7257024121013415,5,2
163,3.3043478260869565,3,0.8564224175474872,5,1
164,4.126984126984127,4,0.9510572812028726,5,2
165,4.0,4.0,0.8563488385776752,5,2
166,3.55,4.0,1.3955285736952863,5,1
167,3.3768115942028984,4,1.4456476335695658,5,1
168,3.3333333333333335,4,1.3900960937138316,5,1
169,3.972972972972973,4,0.9722219323570243,5,1
170,3.772727272727273,3.0,0.9011012546181368,5,3
171,3.4642857142857144,4.0,0.7310531960878115,5,2
172,3.185185185185185,3,0.8622553130979862,5,1
173,4.209302325581396,4,0.8228746982769366,5,1
174,3.5819209039548023,4,1.571393542706666,5,1
175,3.736842105263158,4.0,1.11648439134718,5,1
176,3.6984126984126986,4,1.033332114206971,5,1
177,3.617391304347826,4,0.9831856713114832,5,1
178,3.681318681318681,4,0.9439895178430361,5,1
179,3.0476190476190474,3.0,1.5728709109441663,5,1
180,3.9365079365079363,4,1.2955726303118646,5,1
181,1.4919540229885058,1,0.8451645273826189,5,1
182,3.857142857142857,4.0,0.9147320339189785,5,2
183,3.188679245283019,3,0.991598742903465,5,1
184,3.6613545816733066,4,0.8331171711622448,5,1
185,4.041666666666667,4.0,0.705878097754059,5,1
186,3.4130434782608696,4.0,1.217197189492993,5,1
187,4.071428571428571,4.0,0.9035079029052512,5,1
188,3.767857142857143,4.0,0.9726817022425946,5,1
189,3.978609625668449,4,1.0695454542112375,5,1
190,3.3220338983050848,3,0.9818812446074738,5,1
191,3.6296296296296298,4,0.7768954430890009,5,2
192,3.5142857142857142,4,1.0789261479142407,5,1
193,3.165289256198347,3,1.1085476123707252,5,1
194,2.963934426229508,3,1.022057196898915,5,1
195,3.2916666666666665,3.0,1.0197698542100344,5,1
196,3.6153846153846154,4,1.0029542161850227,5,1
197,3.3389830508474576,3.0,1.2228082363001869,5,1
198,3.276243093922652,3,0.969672284174091,5,1
199,2.95,3.0,1.5483862567202025,5,1
200,4.032407407407407,4.0,0.8573569099600477,5,2
201,3.0310880829015545,3.0,1.0525406506434531,5,1
202,2.8,3.0,1.2489995996796797,5,1
203,3.4186046511627906,3,1.0395114715640468,5,1
204,3.4523809523809526,4.0,1.3309928437498753,5,1
205,2.8636363636363638,3.0,1.013340764073089,4,1
206,2.171875,1.0,1.4529569795334616,5,1
207,3.2304347826086954,3.0,0.8256406116826708,5,1
208,3.787878787878788,4,1.007775099897933,5,1
209,3.1818181818181817,3,1.2174126925212525,5,1
210,4.0606060606060606,4.0,0.8142441722754178,5,2
211,3.189189189189189,3,1.1110705292483494,5,1
212,3.92,4,1.26237870704476,5,1
213,4.23015873015873,4.0,0.8652249768233821,5,1
214,3.8984375,4.0,0.8276457929535739,5,2
215,3.774193548387097,4,0.881458130405127,5,2
216,3.801526717557252,4,0.9993879602475207,5,1
217,2.960526315789474,3.0,1.3711384961495567,5,1
218,3.6037735849056602,4,0.8089038154802268,5,2
219,3.7142857142857144,4.0,1.5551100755055172,5,1
220,3.772727272727273,4.0,0.901101254618137,5,1
221,3.6164383561643834,4.0,0.8933565608591988,5,1
222,3.049095607235142,3,1.1900396096403707,5,1
223,3.0285714285714285,3,1.2906782481068069,5,1
224,2.99290780141844,3,1.0947745251890768,5,1
225,4.518518518518518,5,0.833127546607555,5,2
226,3.8,4.0,0.9165151389911681,5,1
227,3.4482758620689653,4.0,1.0532775413311217,5,1
228,3.142857142857143,3,1.456862718169367,5,1
229,2.7333333333333334,3.0,1.4360439485692011,5,1
230,3.8496240601503757,4,1.1338684903488916,5,1
231,3.6666666666666665,4,0.8908708063747479,5,1
232,3.903225806451613,4,0.8927969356837445,5,1
233,4.345454545454546,5.0,0.7912747326177795,5,2
234,3.122916666666667,3.0,0.9194064170551679,5,1
235,3.978723404255319,4.0,0.8248626372331972,5,1
236,3.475806451612903,4.0,1.1671837464696353,5,1
237,4.145833333333333,4.0,0.6766825737046548,5,2
238,3.2758620689655173,3,0.8261481759110992,5,1
239,4.213836477987422,5,1.250734525694281,5,1
240,3.75,4.0,1.299038105676658,5,1
241,3.4347826086956523,3,1.0140785904078782,5,2
242,4.45,5.0,0.7399324293474372,5,3
243,3.6419753086419755,4,0.8211500813983158,5,1
244,3.6512605042016806,4.0,1.069152302725517,5,1
245,3.272727272727273,3.5,1.094690416253845,5,1
246,2.928205128205128,3,1.3184973416634949,5,1
247,3.923076923076923,4.0,0.8736782070461959,5,2
248,3.5714285714285716,4.0,1.178030178747903,5,1
249,4.105590062111801,4,0.8604670440024302,5,1
250,3.7868852459016393,4.0,1.0575994174615937,5,1
251,3.792207792207792,4,0.9164820137338888,5,2
252,4.428571428571429,5,0.659828879073858,5,3
253,3.979381443298969,4,0.9522559372169485,5,1
254,3.050314465408805,3,1.0327878990904829,5,1
255,2.5421686746987953,2,1.3107636403816048,5,1
256,3.9903381642512077,4,0.9427595334012017,5,1
257,4.035087719298246,4,0.9544891585077508,5,2
258,3.739130434782609,4,1.3583042914620267,5,1
259,3.869565217391304,4.0,0.7692089570849622,5,2
260,4.041666666666667,4.0,1.0984521938720058,5,1
261,4.111111111111111,4,0.8748897637790899,5,2
262,3.16875,3.0,0.8232699663536868,5,1
263,4.048780487804878,4,0.9947313118167673,5,1
264,4.216666666666667,5.0,1.001526612504908,5,1
265,3.5652173913043477,4.0,1.116130230695081,5,1
266,3.260869565217391,3,1.0720720005163438,5,1
267,3.9351351351351354,4,0.8859919517102016,5,1
268,2.942073170731707,3.0,1.0958616587570957,5,1
269,3.0092879256965945,3,1.404296961951592,5,1
270,4.333333333333333,5.0,0.9878488804609837,5,1
271,3.58273381294964,4.0,1.002868408243259,5,1
272,4.333333333333333,5,0.8782037520219096,5,1
273,3.6363636363636362,4.0,0.710022697809696,5,2
274,4.056338028169014,4,0.977022264564768,5,1
275,3.1157894736842104,3,0.5958303872877853,4,2
276,3.465250965250965,4.0,1.016157610003388,5,1
277,3.5,4.0,0.8333333333333334,5,1
278,4.260869565217392,5,0.8952721861727825,5,2
279,3.2672811059907834,3.0,1.1981123706800887,5,1
280,3.5775193798449614,3.5,0.9979622889892052,5,1
281,3.1923076923076925,3.0,1.2095527071935686,5,1
282,3.5,4.0,0.9885710532241612,5,1
283,4.132075471698113,4,0.8250268343047339,5,2
284,3.5531914893617023,3,0.7938194938798994,5,2
285,3.9375,4.0,0.8267972847076845,5,2
286,3.7118055555555554,4.0,1.1533162647928803,5,1
287,4.112903225806452,4.0,1.0176639712482163,5,1
288,3.88,4,1.1995554732205311,5,1
289,2.925925925925926,3,1.0514866345613623,5,1
290,3.3533333333333335,3.0,0.9102136501332465,5,1
291,3.685810810810811,4.0,1.0295964924087608,5,1
292,4.225806451612903,4.0,0.8015982993412378,5,2
293,3.0309278350515463,3.0,1.0424357702028493,5,1
294,3.466666666666667,3.0,0.9498537899183338,5,1
295,4.239795918367347,4.0,0.7880795303177163,5,1
296,4.1768707482993195,5,1.1820694425318103,5,1
297,3.4375,3.0,1.063724784268312,5,1
298,4.031496062992126,4,0.8126655651931123,5,2
299,3.4642857142857144,4.0,0.9056230237932833,5,1
300,3.75,4.0,0.9937303457175896,5,1
301,3.5272727272727273,4,0.9696212091617025,5,1
302,2.4285714285714284,2,0.8491692619108099,4,1
303,3.365702479338843,4.0,1.2300227280345093,5,1
304,3.3846153846153846,3.0,1.040596096805283,5,1
305,3.40990990990991,3.0,1.0774055385909607,5,1
306,3.78125,4.0,0.9916644782889019,5,1
307,3.794642857142857,4.0,1.0276393966717299,5,1
308,3.7581863979848866,4,0.7657430730478587,5,1
309,3.5,3.5,1.02469507659596,5,2
310,3.857142857142857,4,1.38995423993585,5,1
311,3.795918367346939,4.0,0.8684866461613557,5,1
312,4.381165919282512,5,0.9147542414477102,5,1
313,3.595419847328244,4.0,0.9944780821060284,5,1
314,3.6775510204081634,4,1.1455798471396175,5,1
315,4.011494252873563,4,0.928405540519939,5,1
316,3.36,4,1.429592016392556,5,1
317,3.5454545454545454,4.0,0.8381404052084444,5,2
318,3.706896551724138,4.0,1.028478745297314,5,1
319,3.4782608695652173,3,0.7728864710709208,5,2
320,3.720779220779221,4.0,0.8412788135723065,5,1
321,3.736,4,0.7391238055968705,5,2
322,4.176470588235294,4,0.8332756612108146,5,2
323,3.6179775280898876,4,0.9540642568698326,5,1
324,4.348484848484849,5.0,0.8070226657930778,5,1
325,3.408450704225352,3.0,1.1142794651447026,5,1
326,3.3262032085561497,3,1.2084851618922634,5,1
327,3.313380281690141,4.0,0.9175694219612116,5,1
328,3.431095406360424,3,0.9042623068112133,5,1
329,3.4,3,0.8190050248742253,5,2
330,4.496598639455782,5,0.7319171513639603,5,2
331,3.642857142857143,4.0,1.0560805473300694,5,1
332,4.1530054644808745,4,0.9105209191624519,5,2
333,3.8461538461538463,4.0,0.9483713850721504,5,1
334,3.5195195195195197,4,0.9089530047996464,5,1
335,3.5454545454545454,4.0,1.195722403451446,5,1
336,2.9615384615384617,3.0,1.2794460709700546,5,1
337,3.9411764705882355,4.0,1.1098801331831296,5,1
338,4.0,4,0.938083151964686,5,1
339,4.003937007874016,4.0,0.9157331364182211,5,1
340,4.159090909090909,5.0,1.1666420697918725,5,1
341,3.8095238095238093,4,1.0962728031639368,5,1
342,3.4378109452736316,3,1.284179736679841,5,1
343,3.9873417721518987,4,1.0888038288445552,5,1
344,3.668421052631579,4.0,1.0211204535261345,5,1
345,3.646551724137931,4.0,0.9168378033597003,5,1
346,3.290155440414508,3,1.146635753396783,5,1
347,3.5728643216080402,4,1.3122795911352,5,1
348,3.896551724137931,4.0,0.6870640981093545,5,2
349,3.1951219512195124,3,1.0869404856174236,5,1
350,4.32,4.5,0.8109253973085315,5,2
351,4.159090909090909,4.0,0.9279298028451636,5,1
352,3.738095238095238,4.0,1.1763446978129166,5,1
353,3.36,4,1.3230268326832983,5,1
354,3.742489270386266,4,0.8655280861477734,5,1
355,4.076923076923077,4.0,0.4741856925360752,5,3
356,3.5833333333333335,4.0,1.114924013354971,5,1
357,4.131578947368421,4.0,0.8935750971762976,5,2
358,3.697674418604651,4,1.1917328349133913,5,1
359,3.925925925925926,4,0.7662281802065631,5,3
360,3.9607843137254903,4.0,0.850853880539103,5,2
361,3.7768595041322315,4,0.9576797313633693,5,1
362,3.36,4,1.4934523762075576,5,1
363,3.054662379421222,3,1.278150215283424,5,1
364,3.45,4.0,1.0712142642814275,5,1
365,3.3793103448275863,4.0,1.1719065839976848,5,1
366,4.393939393939394,5,1.0713739108887084,5,1
367,4.155172413793103,4.0,0.7381646423657808,5,2
368,3.2888888888888888,3,1.0877545111573705,5,1
369,4.0,4.0,1.0,5,2
370,3.6933333333333334,4,0.9377040518675863,5,1
371,4.098039215686274,4,0.9342062156526745,5,1
372,4.303030303030303,4.0,0.6956509262575145,5,2
373,3.7339055793991416,4,0.9482356462768943,5,1
374,3.31021897810219,3.0,1.3022038966862821,5,1
375,3.6785714285714284,4.0,0.8474150369789052,5,2
376,3.7333333333333334,4.0,0.6798692684790382,5,3
377,3.909090909090909,4,0.9330184435357971,5,2
378,3.424,3,0.8026356583157765,5,1
379,3.989795918367347,4.0,0.942152311868337,5,1
380,3.197530864197531,3.0,0.915163792752925,5,1
381,3.811023622047244,4,1.1064042878897826,5,1
382,3.4716981132075473,3,1.0389358413536758,5,1
383,4.380281690140845,5,0.8453051317252759,5,2
384,4.136363636363637,4.0,0.5473452081269223,5,3
385,3.295373665480427,3,1.2145089451345465,5,1
386,3.652173913043478,4,0.8134037797334654,5,2
387,3.361842105263158,3.0,1.2033360541759643,5,1
388,4.173076923076923,4.0,0.848554287419623,5,2
389,3.7047970479704797,4,1.0315748785367864,5,1
390,3.838709677419355,4,1.1666542787112983,5,1
391,3.768595041322314,4,1.0103622669065946,5,1
392,4.045045045045045,4,1.1181338006558708,5,1
393,3.3370535714285716,3.0,0.8157283537612864,5,1
394,3.859060402684564,4,0.9342127592647147,5,1
395,3.8947368421052633,4,1.0871532199880474,5,1
396,3.4074074074074074,3.0,0.7821745215534399,5,2
397,3.7058823529411766,4.0,1.3253799698918576,5,1
398,3.7093023255813953,4.0,0.9384088347609388,5,2
399,2.93730407523511,3,0.7932830901659674,5,1
400,3.590909090909091,4.0,0.778056489482895,5,2
401,3.1176470588235294,3,1.1081467569368462,5,1
402,3.8970588235294117,4.0,0.9872675583821794,5,1
403,3.68,4.0,1.2237646832622688,5,1
404,3.25,3.0,1.0897247358851685,5,1
405,1.8344640434192674,1,1.344270021423583,5,1
406,3.5321637426900585,4.0,1.0721708301282058,5,1
407,3.4690265486725664,4.0,0.8577682140471754,5,1
408,3.740740740740741,4,1.0747124539664377,5,1
409,3.5911330049261085,4,1.159803022618586,5,1
410,3.0357142857142856,3.0,1.017073633278439,5,1
411,3.7758620689655173,4.0,0.7666115198419212,5,2
412,3.9411764705882355,4,0.7252251768198793,5,2
413,3.66,4.0,0.9921693403849973,5,1
414,3.88,4,1.1070682002478438,5,1
415,4.166666666666667,4.0,1.0274023338281628,5,1
416,3.845841784989858,4,1.0923707174300474,5,1
417,3.2465753424657535,3,0.9418841786373459,5,1
418,2.9,2.5,1.4798648586948744,5,1
419,4.21875,4.0,0.8921314014762624,5,1
420,4.166666666666667,4.0,0.8333333333333331,5,3
421,3.8548387096774195,4.0,1.029355799071539,5,1
422,3.463917525773196,4,0.9201283602756565,5,1
423,3.578125,4.0,0.9152302903504669,5,1
424,3.3636363636363638,3.5,1.3158286205572844,5,1
425,2.9558823529411766,3.0,1.0905182730272003,5,1
426,3.8316831683168315,4,0.8092204650179222,5,1
427,4.548387096774194,5,0.755141929723847,5,2
428,3.9272727272727272,4,0.8057643565876482,5,1
429,3.393719806763285,3.0,0.9126376165139657,5,1
430,3.5538461538461537,4,0.9771350466584873,5,1
431,3.380952380952381,3,0.7221786137191952,5,2
432,3.7096774193548385,4.0,1.0684190426889801,5,1
433,3.5121951219512195,3,1.308917840487682,5,1
434,3.7045454545454546,4.0,1.407440382308276,5,1
435,3.316622691292876,3,1.0651659811506708,5,1
436,3.7517241379310344,4,0.8985124448527633,5,1
437,3.581749049429658,4,1.1601632169119667,5,1
438,4.0606060606060606,4,0.9191364174607941,5,2
439,3.7096774193548385,4,0.8498025724077092,5,2
440,4.176470588235294,5,1.1666254729916485,5,1
441,3.5,4.0,0.7416198487095663,5,2
442,3.125874125874126,3,0.9150423802110362,5,1
443,3.375,3.5,1.46664299223317,5,1
444,3.7916666666666665,4.0,1.0793194872490517,5,1
445,1.9851851851851852,2,1.0953449325495608,5,1
446,2.75,3.0,0.8936504412303007,5,1
447,3.597122302158273,4,0.9797916711501135,5,1
448,3.3421052631578947,4.0,1.400682461281186,5,1
449,3.7466666666666666,4,1.1441833574893299,5,1
450,3.8648148148148147,4.0,0.861879386467477,5,1
451,2.7346938775510203,3.0,1.3594042843576235,5,1
452,3.412621359223301,4.0,1.238396991702719,5,1
453,3.2884615384615383,3.0,1.0500892232214547,5,1
454,2.9788135593220337,3.0,0.9272112090871317,5,1
455,3.502645502645503,4,0.7462381042228143,5,1
456,3.456221198156682,4,0.8419696607341145,5,1
457,4.025270758122744,4,0.9439587595262973,5,1
458,3.6885245901639343,4,1.1045012266982033,5,1
459,3.3813559322033897,3.0,1.0408559997883071,5,1
460,3.411764705882353,3.0,0.8784226190040046,5,2
461,3.0,3,1.103354568734741,5,1
462,4.0,5,1.3026778945578592,5,1
463,2.8646616541353382,3,1.2848565929587024,5,1
464,4.037735849056604,4,0.8679245283018867,5,2
465,3.4375,3.0,0.8037995707886388,5,1
466,3.4653465346534653,3,1.1219180573635874,5,1
467,3.6818181818181817,4.0,0.9717071966559979,5,2
468,3.993006993006993,4,0.8967423833236603,5,2
469,4.534883720930233,5,0.5434102997929265,5,3
470,3.5789473684210527,4,0.7935566931858695,5,2
471,3.3870967741935485,4,1.4957449186283396,5,1
472,4.228136882129277,4,0.9193976104244322,5,1
473,3.914285714285714,4,0.9062143729802118,5,2
474,4.08256880733945,4,0.8179384883032547,5,1
475,3.6,4.0,1.3190905958272918,5,1
476,3.3734939759036147,4,1.0144835872299218,5,1
477,4.457142857142857,4,0.49815987926179117,5,4
478,3.415929203539823,4,1.2460604377223794,5,1
479,3.4207920792079207,4.0,1.1841207484323348,5,1
480,3.7333333333333334,4.0,0.8919392106839766,5,1
481,3.982142857142857,4.0,0.8962435779521154,5,1
482,3.423076923076923,3.5,0.7428156890703063,5,2
483,3.0508474576271185,3,0.9283433178053663,5,1
484,3.9928057553956835,4,0.9854802202110948,5,1
485,3.0384615384615383,3.0,1.0912508430085468,5,1
486,3.2222222222222223,3,0.9884696810755723,5,1
487,3.645021645021645,4,1.1526212830077005,5,1
488,3.357142857142857,4.0,0.9093923433465291,5,1
489,3.7247706422018347,4,1.09938731588589,5,2
490,2.789473684210526,3,1.2101448674372304,5,1
491,3.8484848484848486,4,1.2090871117127275,5,1
492,3.5272727272727273,3,1.0243320742547832,5,1
493,3.7555555555555555,4,1.1830072581516589,5,1
494,3.872340425531915,4,1.0840629108814464,5,1
495,3.9530516431924885,4,1.1290664980227667,5,1
496,3.0310077519379846,3,1.2755177364756396,5,1
497,3.1792114695340503,3,0.9099990675549539,5,1
498,3.2885906040268456,3,0.9217382325300868,5,1
499,3.8627450980392157,4.0,1.0197963626624185,5,1
500,3.3422222222222224,3,1.0124752702360234,5,1
501,3.767123287671233,4,0.5856865294912863,5,3
502,3.108108108108108,3,1.1097548739269087,5,1
503,4.01875,5.0,1.2372948062204083,5,1
504,3.6215139442231075,4,0.8206591090772914,5,1
505,3.3660714285714284,3.0,0.9909909877264781,5,1
506,3.6735537190082646,4.0,1.0818005036784257,5,1
507,4.724137931034483,5.0,0.7609681548522041,5,1
508,3.8275862068965516,4,0.9732856611501862,5,1
509,2.515151515151515,2,1.3054944986992734,5,1
510,2.7666666666666666,3.0,1.085766498326822,5,1
511,3.75,4.0,1.0897247358851685,5,1
512,4.333333333333333,5,0.8357108940373449,5,2
513,4.363636363636363,4.5,0.7100226978096957,5,3
514,3.8402061855670104,4.0,0.88529333409013,5,1
515,3.0,3.0,0.9219544457292888,5,1
516,4.095238095238095,4,0.7499055118106486,5,3
517,3.2972972972972974,3,1.2272770313235386,5,1
518,3.643835616438356,4,1.0900529459768633,5,1
519,4.122448979591836,5,1.3943421104113245,5,1
520,3.4347826086956523,4,1.2794729538749705,5,1
521,3.14,3.0,0.8643301838225165,5,1
522,4.333333333333333,4.5,0.7888106377466154,5,2
523,4.36,4.0,0.7144228439796703,5,2
524,3.4934640522875817,4.0,1.0579406066217192,5,1
525,3.2962962962962963,3.0,0.8950404424884869,5,1
526,3.235294117647059,3.0,1.26162415232513,5,1
527,3.832116788321168,4,0.948062511919163,5,1
528,3.7169811320754715,4,1.070661204461216,5,1
529,3.604651162790698,4,0.8664156283812632,5,1
530,3.888888888888889,4,0.7665861471404595,5,2
531,3.2333333333333334,4.0,1.6265163865007803,5,1
532,4.12043795620438,4.0,0.972290446987859,5,1
533,3.3846153846153846,4.0,1.055276962439539,5,1
534,4.075,4.0,0.8481597726843685,5,1
535,3.9357798165137616,4.0,0.8434880546327994,5,1
536,3.871165644171779,4,0.9792149056554006,5,1
537,2.8653061224489798,3.0,0.972174297887327,5,1
538,3.617283950617284,4,0.9371338130542394,5,1
539,3.982142857142857,4.0,0.8962435779521148,5,2
540,3.7142857142857144,4,0.6023386019368338,5,2
541,3.6240601503759398,4,1.1145079075902422,5,1
542,3.488888888888889,4,0.7969076034240501,5,2
543,3.532994923857868,4,0.7232032979228715,5,2
544,2.806451612903226,3,0.9973951505638908,5,1
545,3.506172839506173,3.0,0.8258696395222009,5,1
546,3.8983050847457625,4,1.099998694209353,5,1
547,3.652173913043478,4,1.0047147833296821,5,1
548,3.670967741935484,4,1.2080892800769478,5,1
549,3.72,4,0.8255906976220118,5,2
550,3.675,4.0,1.191375255744386,5,1
551,3.802395209580838,4.0,1.34360102859774,5,1
552,3.0952380952380953,3.0,0.5481364015819687,4,2
553,4.17,4.0,0.7753063910480805,5,2
554,3.5701754385964914,4.0,0.7832601486411582,5,1
555,4.019230769230769,4.0,0.6931085111900036,5,2
556,4.204545454545454,5.0,1.1789738499402673,5,1
557,3.7547169811320753,4,1.0623160951139055,5,1
558,4.2,4.0,0.812403840463596,5,2
559,3.5789473684210527,4.0,1.091391650175143,5,1
560,3.396039603960396,3,0.9342674148186493,5,1
561,3.0252100840336134,3,1.0080531604791942,5,1
562,3.5416666666666665,4.0,1.4523687548277817,5,1
563,3.7666666666666666,4.0,1.054619467970425,5,1
564,3.411764705882353,3.5,0.6470588235294118,4,2
565,4.542857142857143,5,0.6904597699196898,5,2
566,3.442953020134228,4,1.1075249044153705,5,1
567,3.9548387096774196,4,0.9859787047616678,5,1
568,3.3703703703703702,4,1.1379475182027565,5,1
569,3.4857142857142858,3.0,0.9062143729802119,5,1
570,2.6818181818181817,3.0,1.2572106078126666,5,1
571,3.45,4.0,0.7399324293474372,4,2
572,3.25,3.5,1.1346805717910218,5,1
573,3.7450980392156863,4,0.6212933144217591,5,2
574,3.5217391304347827,4.0,1.1747179205309823,5,1
575,3.1538461538461537,3.0,1.4329181546305507,5,1
576,3.5277777777777777,4.0,0.8655798028268269,5,1
577,3.8031914893617023,4.0,0.8370353112431956,5,1
578,2.6666666666666665,3.0,1.0671873729054748,5,1
579,3.472972972972973,3.0,0.9037904112003221,5,1
580,3.5531914893617023,3,1.1449892806020179,5,1
581,4.035714285714286,4.0,0.9813308331452921,5,2
582,3.274193548387097,3.0,1.1383258057157344,5,1
583,4.444444444444445,5,0.6849348892187754,5,2
584,3.5416666666666665,4.0,0.911919526176637,5,1
585,3.7375,4.0,0.9319837713179344,5,2
586,3.325301204819277,3.0,0.8657949023239361,5,1
587,2.9693877551020407,3.0,1.0444614043401428,5,1
588,3.7422222222222223,4,1.1907959782130593,5,1
589,3.441860465116279,4,1.467513726910093,5,1
590,3.5,4.0,1.1726039399558574,5,1
591,3.6547619047619047,4.0,0.7791027748550564,5,2
592,3.813888888888889,4.0,1.3442579071694742,5,1
593,3.608974358974359,4.0,1.0775906050829558,5,1
594,3.48,3,0.6400000000000002,5,2
595,3.1979166666666665,3.0,1.0667297344636497,5,1
596,3.6,4.0,0.8602325267042626,5,2
597,3.6341463414634148,4,1.1843717602125838,5,1
598,3.68,4,1.0087616170334792,5,2
599,3.893617021276596,4,1.0765200545254057,5,1
600,3.5842696629213484,4,1.003465778056904,5,1
601,3.081081081081081,3.5,1.312690210224962,5,1
602,3.793103448275862,4,0.7601864718982275,5,2
603,3.7872340425531914,4,1.0903087638569322,5,1
604,3.2962962962962963,3,1.2417077492029787,5,1
605,3.7555555555555555,4.0,1.1861338795628902,5,1
606,3.9661016949152543,4.0,0.8823332260895147,5,1
607,3.8378378378378377,4,0.6783729944870882,5,2
608,3.6748466257668713,4,1.2328998963380835,5,1
609,2.392857142857143,1.0,1.718373103388487,5,1
610,3.7333333333333334,4,1.0624918300339479,5,1
611,3.8333333333333335,4.0,1.0892694508283691,5,1
612,3.3703703703703702,3,0.9486109981381998,5,2
613,4.321428571428571,5.0,0.8474150369789052,5,2
614,3.128205128205128,3,1.0902713654086817,5,1
615,3.8640776699029127,4,1.088764719912714,5,1
616,3.627906976744186,4,0.778288396775884,5,2
617,2.6203703703703702,3.0,1.331370726347075,5,1
618,3.287037037037037,3.0,0.9770602726577492,5,1
619,3.50561797752809,4,1.264232195868333,5,1
620,3.827272727272727,4.0,1.007779655832932,5,1
621,3.5497076023391814,4,1.0494428635520543,5,1
622,3.3903508771929824,4.0,1.1399037584987513,5,1
623,3.7333333333333334,4,1.0413666234542203,5,1
624,3.5319148936170213,4,0.7490248174487052,5,1
625,3.4339622641509435,3.0,0.7270886365282149,5,2
626,2.34375,1.5,1.5126420387851185,5,1
627,3.292817679558011,3,1.080926201434262,5,1
628,4.703703703703703,5,0.7104935590092918,5,2
629,4.082644628099174,4,0.9840612160920673,5,1
630,3.324074074074074,3.0,1.0525867933220492,5,1
631,3.1,3.0,0.8888194417315589,4,2
632,3.6610169491525424,4.0,1.0186426577163876,5,1
633,3.310344827586207,3.0,0.7475683927130619,5,1
634,3.3703703703703702,3,0.9486109981381995,5,1
635,3.264705882352941,3.0,1.0657453489407909,5,1
636,4.45,5.0,0.8046738469715542,5,3
637,2.4903846153846154,2.0,1.192889126220716,5,1
638,3.537313432835821,4,1.0269264126429596,5,1
639,2.9594594594594597,3.0,1.138267877904835,5,1
640,4.229357798165138,4,0.8085895242763566,5,1
641,4.125,4.0,0.7806247497997998,5,2
642,3.6226415094339623,4.0,1.1611057692275797,5,1
643,3.737864077669903,4.0,0.7939230973071263,5,2
644,4.0,4.0,0.6172133998483676,5,1
645,3.959016393442623,4.0,0.8531286777004167,5,1
646,2.9473684210526314,3.0,0.6862318321265948,5,1
647,3.8275862068965516,4.0,0.6469538979066797,5,2
648,3.259259259259259,3,1.2726560114017553,5,1
649,3.7916666666666665,4.0,0.9565200236040832,5,2
650,3.1543408360128615,3,0.7950644372587145,5,1
651,3.2857142857142856,3,1.350233036072174,5,1
652,3.1363636363636362,3.0,1.0133407640730887,5,1
653,2.6925795053003534,3,1.1773096493545596,5,1
654,3.687074829931973,4,1.0867333631409994,5,1
655,2.908029197080292,3,0.7321659093781703,5,1
656,2.5416666666666665,3.0,1.0793194872490515,5,1
657,3.2413793103448274,4,1.1935219517156401,5,1
658,3.732394366197183,4,0.8041747844293065,5,2
659,3.7905759162303663,4,0.8426554780620197,5,1
660,2.5848214285714284,2.0,0.9691408033323495,5,1
661,3.9173553719008263,4,0.9053265413308533,5,1
662,3.869565217391304,4,0.9465887416120539,5,2
663,3.5316455696202533,4.0,0.9047755584054897,5,1
664,3.746987951807229,4.0,0.9358119146569347,5,1
665,3.4788732394366195,4.0,0.7756715387613724,5,1
666,3.6653061224489796,4,0.7890968799082176,5,2
667,3.9574468085106385,4,1.0096860015067806,5,1
668,3.5217391304347827,4.0,1.0371182992936143,5,1
669,3.38,3.0,1.1643023662262308,5,1
670,3.847826086956522,4.0,1.0208136419020777,5,2
671,3.5806451612903225,3.0,1.150713482692707,5,1
672,3.2413793103448274,3,1.1034482758620692,5,1
673,3.8857142857142857,4,0.9789623828006752,5,1
674,3.658536585365854,4,0.9780457393055328,5,1
675,3.7058823529411766,4.0,1.340092441164061,5,1
676,3.5844155844155843,4,1.453617514767089,5,1
677,3.5918367346938775,4,1.369021210714157,5,1
678,3.4285714285714284,3.0,0.9793792286287207,5,1
679,3.661290322580645,4.0,0.9662623097258168,5,1
680,4.0,4.0,0.7608859102526822,5,2
681,3.227272727272727,3.5,1.4438527431153263,5,1
682,3.137844611528822,3,1.01297169014112,5,1
683,3.2266666666666666,3,1.0142101469726197,5,1
684,3.488372093023256,4.0,0.9244003215977579,5,1
685,2.05,2.0,0.7399324293474371,3,1
686,4.563380281690141,5,0.8677702422957386,5,1
687,3.4761904761904763,4,0.8518354199999199,5,2
688,4.833333333333333,5.0,0.623609564462324,5,2
689,3.8333333333333335,4.0,1.2133516482134197,5,1
690,3.1478260869565218,3,1.073340808640659,5,1
691,4.21875,5.0,1.1383753500054365,5,1
692,3.275,3.0,0.8656644846590393,5,1
693,3.1363636363636362,3.0,0.9539268248923055,5,1
694,4.1528662420382165,4,0.6401194663134325,5,3
695,3.289473684210526,4.0,1.295902342341593,5,1
696,3.9310344827586206,4,1.2014656131161618,5,1
697,3.7142857142857144,4,1.2627580223975021,5,1
698,2.84251968503937,3,1.1254059414615987,5,1
699,3.1476510067114094,3,0.7361776752108504,5,1
700,3.6666666666666665,4,0.7126966450997985,5,3
701,4.212121212121212,4,0.7285342594043217,5,3
702,2.4516129032258065,2,1.4992193598222259,5,1
703,3.5319148936170213,4,1.0488304292652117,5,1
704,3.7777777777777777,4.0,1.0195617552848404,5,2
705,3.710526315789474,4.0,1.129537121548735,5,1
706,3.310344827586207,4,1.1774738675147498,5,1
707,3.4957627118644066,4.0,1.0230308963471144,5,1
708,3.2,3,1.2603854285778728,5,1
709,3.572463768115942,4.0,1.00641191583736,5,1
710,3.697674418604651,4.0,0.8079512914437305,5,1
711,3.8597285067873304,4,1.0171639743550824,5,1
712,3.765432098765432,4.0,0.9063780169371679,5,1
713,2.966666666666667,3.0,0.8749603165604459,5,1
714,3.522727272727273,3.0,1.033278901969937,5,1
715,3.3832335329341316,4,1.0595249582143567,5,1
716,3.8884758364312266,4,1.0394706171481076,5,1
717,3.7096774193548385,4,1.1224076000602052,5,1
718,3.6923076923076925,4,1.0415433852097384,5,1
719,3.1044776119402986,3,1.198684955537986,5,1
720,3.966666666666667,4.0,0.7520342781785652,5,2
721,3.5357142857142856,3.0,1.0170736332784394,5,1
722,3.619047619047619,4.0,0.8151067985058901,5,2
723,3.272727272727273,3.0,0.9136250564655354,5,1
724,2.164705882352941,2,1.3092167287758634,5,1
725,3.8,4,0.938083151964686,5,1
726,3.0,3.0,1.2583057392117916,5,1
727,3.0372670807453415,3.0,1.029914057547985,5,1
728,3.576923076923077,4.0,0.7428156890703065,5,2
729,2.857142857142857,3,1.206558043744755,5,1
730,3.236842105263158,3.0,1.1569972598410845,5,1
731,3.3855421686746987,4,1.4297301565368759,5,1
732,3.7,4.0,1.3453624047073711,5,1
733,3.02803738317757,3,1.054212235678771,5,1
734,3.609375,4.0,1.0095974986968816,5,1
735,3.3207547169811322,3,0.9668775830429399,5,1
736,3.0,3.0,1.3844373104863459,5,1
737,3.9696969696969697,4,0.9995407577254933,5,1
738,3.675675675675676,4.0,0.8319321065741293,5,2
739,3.6,4,1.5156328239856962,5,1
740,3.4,3.5,0.9695359714832659,5,1
741,3.4615384615384617,3.0,1.037036058670212,5,1
742,3.4615384615384617,4.0,1.08240363688233,5,1
743,3.6857142857142855,4,1.0894671979964354,5,1
744,3.8518518518518516,4,0.8478165290562663,5,2
745,3.1,3.0,1.2871156384205213,5,1
746,3.6417910447761193,4,1.003002842770832,5,1
747,4.054607508532423,4,1.131500981229725,5,1
748,3.7222222222222223,4.0,0.779759380423233,5,1
749,3.622950819672131,4,0.954092727153667,5,1
750,3.090909090909091,3,1.0258370230188338,4,1
751,3.5416666666666665,4.0,1.0682326674213036,5,1
752,3.2054794520547945,3,1.2045450924372938,5,1
753,3.5964912280701755,4,1.1826175120247524,5,1
754,3.3823529411764706,3.0,0.8749691047437361,5,1
755,3.1052631578947367,3.0,1.2521449740389816,5,1
756,3.1926605504587156,3,0.9812654647428214,5,1
757,3.3674698795180724,3.0,0.7627800190923277,5,1
758,3.876750700280112,4,1.0243219124995242,5,1
759,4.0625,4.0,0.9333240326917549,5,2
760,3.2439024390243905,3,1.184873931852792,5,1
761,2.8484848484848486,3.0,1.416808451825571,5,1
762,3.0476190476190474,3,1.6468206157895793,5,1
763,3.7829457364341086,4,0.8801095801230986,5,2
764,3.688073394495413,4,0.8746925824993046,5,1
765,4.086956521739131,4,1.099922664406393,5,2
766,3.354285714285714,3,0.8350681262688723,5,1
767,4.4324324324324325,4,0.5472555873328808,5,3
768,3.265625,3.0,1.1489422785218586,5,1
769,3.0689655172413794,3,1.014754411693942,5,1
770,4.296875,5.0,0.8602268505313002,5,2
771,3.7142857142857144,4.0,1.3324827218698299,5,1
772,4.0,4,0.816496580927726,5,2
773,3.279503105590062,3,1.1963255343558652,5,1
774,2.0580357142857144,2.0,1.1383053187631573,5,1
775,3.7857142857142856,4.0,0.7726181304565691,5,2
776,3.466666666666667,4,1.1132677482820923,5,1
777,4.055555555555555,4.0,1.2234841969747356,5,1
778,2.953846153846154,3,1.2207282723001456,5,1
779,3.918918918918919,4,0.7489949438135686,5,2
780,3.8727272727272726,4,1.079638751949347,5,1
781,3.7857142857142856,4.0,1.263700429496724,5,1
782,2.788793103448276,3.0,0.8775231160845748,5,1
783,3.8666666666666667,4.0,0.8459051693633013,5,1
784,3.8461538461538463,4,0.661717328234048,5,3
785,3.7037037037037037,4,0.8080527492322751,5,2
786,3.871794871794872,4,0.8822897709787307,5,1
787,3.1403508771929824,3,1.05028979277865,5,1
788,3.3413654618473894,3,0.9051036367981666,5,1
789,3.6666666666666665,4,1.0347497623614466,5,1
790,3.017316017316017,3,0.9889667000962633,5,1
791,3.8,4,1.0954451150103324,5,1
792,3.127659574468085,3,0.8408967168242344,5,1
793,3.5090909090909093,3,0.7597302696645883,5,2
794,4.3076923076923075,4,0.72160242458822,5,2
795,3.1320754716981134,3,0.8839107467049492,5,1
796,3.600558659217877,4.0,1.0542278387258492,5,1
797,2.6538461538461537,2.0,1.2071042174211706,5,1
798,3.3263598326359833,3,0.9296238791645475,5,1
799,4.0,4.0,0.816496580927726,5,2
800,3.75,4.0,0.6338656910463875,5,2
801,4.038461538461538,4.0,1.1259447052541884,5,1
802,3.493333333333333,4,0.9574038971208665,5,1
803,3.090909090909091,3,1.4219840250484932,5,1
804,3.6656626506024095,4.0,0.8026472657296838,5,1
805,3.347985347985348,3,1.2103663840623224,5,1
806,3.642857142857143,4.0,0.9641534300798259,5,1
807,3.892156862745098,4.0,0.8273138999917571,5,1
808,4.130434782608695,4,0.9914568913905546,5,1
809,3.45,3.5,1.2439855304624727,5,1
810,4.423076923076923,5.0,0.6890951102757277,5,3
811,4.142857142857143,4,0.8883218145798872,5,2
812,3.5,4.0,1.2041594578792296,5,1
813,2.793103448275862,3,1.2697898372084118,5,1
814,2.9714285714285715,3,0.6963461489687965,4,2
815,3.7431693989071038,4,1.133033458596235,5,1
816,3.84,4,0.8333066662399867,5,2
817,3.361111111111111,3.5,0.8867160944173538,5,1
818,3.4761904761904763,4,1.2196427118919713,5,1
819,4.071428571428571,4.0,0.9974457174120673,5,1
820,3.0,3,1.3093073414159542,5,1
821,4.338709677419355,5.0,0.8602990550383609,5,2
822,3.12,3,0.9927738916792683,5,1
823,4.005405405405406,4,0.9270546052158205,5,1
824,2.6,2.5,0.9165151389911679,4,1
825,3.613793103448276,4,1.0711657001574584,5,1
826,3.8260869565217392,4,0.8263157577881457,5,2
827,3.25,3.0,0.6338656910463875,5,2
828,3.1153846153846154,3.0,1.0769230769230766,5,1
829,3.546875,4.0,0.8087352684129708,5,1
830,3.7452830188679247,4.0,1.1579203931538005,5,1
831,3.5205479452054793,4,1.1599431852063857,5,1
832,2.96,3,0.7735631842325486,5,2
833,3.056179775280899,3,1.2663275270968002,5,1
834,3.925925925925926,4.0,0.9199809146943867,5,2
835,4.147058823529412,4.0,0.7970172190863782,5,2
836,3.86,4.0,1.2167168939404103,5,1
837,3.0434782608695654,3.0,1.2846336263212312,5,1
838,4.118279569892473,4,0.7161645507676002,5,2
839,3.192982456140351,3,1.1151051636540843,5,1
840,4.137055837563452,4,0.8163913799196053,5,1
841,3.903225806451613,4,1.0272053760058488,5,1
842,3.740740740740741,4,1.1735540383522116,5,1
843,2.735294117647059,3.0,0.815613213168355,5,1
844,3.506172839506173,3,0.8333104706511708,5,1
845,3.129032258064516,3,1.0698789646307743,5,1
846,3.740740740740741,4,1.044418176711973,5,1
847,3.0342465753424657,3.0,1.1551812024238783,5,1
848,4.286666666666667,5.0,1.066687499796553,5,1
849,4.869565217391305,5,0.33678116053977536,5,4
850,4.529411764705882,5,0.9772498662256561,5,1
851,3.45933014354067,4,1.1108518784203087,5,1
852,3.4693877551020407,3,0.8106948598384163,5,1
853,2.975609756097561,3,1.0703955247556922,5,1
854,3.2119815668202767,3,1.030075045197465,5,1
855,3.347826086956522,3,0.63305303385048,4,2
856,3.423076923076923,3.5,1.1153846153846152,5,1
857,3.272727272727273,3.0,1.4200453956193917,5,1
858,3.4285714285714284,3,1.0033955955097846,5,1
859,3.8461538461538463,4,0.8926612915656005,5,2
860,3.23943661971831,3,0.8634158943095271,5,1
861,4.0,4,1.0115610777177464,5,1
862,4.363636363636363,5,0.7946099412149885,5,2
863,3.121495327102804,3,1.3923038150955296,5,1
864,3.82312925170068,4.0,0.9309543071867207,5,1
865,2.287878787878788,1.5,1.515227270833428,5,1
866,2.7,2.5,1.0049875621120892,4,1
867,4.2631578947368425,5,0.9647527778854396,5,1
868,2.951923076923077,3.0,1.3436446394637838,5,1
869,2.872340425531915,3,1.281903857990814,5,1
870,3.453531598513011,4,0.9729981737020671,5,1
871,3.4956521739130433,3,0.9172161382326431,5,2
872,3.380281690140845,3,0.9095146079415738,5,1
873,2.9,3.0,1.2206555615733703,5,1
874,3.823529411764706,4.0,0.7463869141440894,5,2
875,4.191011235955056,4,0.7914771355216317,5,2
876,4.190476190476191,4,0.7939681905015746,5,2
877,3.8271604938271606,4,0.8719231399017073,5,1
878,3.2686567164179103,3.0,1.100638750124575,5,1
879,3.689655172413793,4,0.8750743131344497,5,2
880,3.426630434782609,4.0,0.980820172736896,5,1
881,3.3204633204633205,3,1.1763459298710197,5,1
882,4.0510948905109485,4,1.0059760694517836,5,1
883,3.925373134328358,4.0,0.8988123645905864,5,1
884,3.7209302325581395,4,1.1876414264933681,5,1
885,3.3137254901960786,3.0,0.999807747763291,5,1
886,3.3625,4.0,1.1244674665517596,5,1
887,3.9239766081871346,4,1.3594195869884733,5,1
888,4.3,4.0,0.5567764362830021,5,3
889,3.4355828220858897,3.5,0.8654004343956384,5,1
890,3.857142857142857,4,1.117362698392918,5,1
891,4.127659574468085,4,0.8408967168242344,5,3
892,4.0,4.0,0.8973905139421045,5,1
893,3.4237288135593222,3,0.8675582299708288,5,1
894,3.636734693877551,4,0.7190395741574299,5,1
895,3.75,4.0,0.9420721840708386,5,2
896,2.9806629834254146,3.0,1.1477393596984633,5,1
897,3.962162162162162,4,0.9884061292839778,5,1
898,3.5,4.0,1.02469507659596,5,1
899,3.525925925925926,4,1.031572906381172,5,1
900,2.5555555555555554,2,1.0863916943626946,5,1
901,3.8548387096774195,4.0,1.0678101527764796,5,1
902,3.4489795918367347,3,1.1076952444989316,5,1
903,3.8529411764705883,4.0,0.9965337850645535,5,1
904,3.74468085106383,4,0.886496453446794,5,2
905,3.275,3.0,0.7741931283601012,5,1
906,3.8048780487804876,4,0.7060543817624455,5,2
907,4.571428571428571,5,0.6801360408136047,5,2
908,3.554054054054054,4.0,0.7002295355692761,5,2
909,4.346153846153846,5.0,0.7816308243423683,5,3
910,3.1666666666666665,3.0,1.0826921179274476,5,1
911,3.806122448979592,4.0,0.9439189180124303,5,1
912,3.811320754716981,4,0.9527834847511393,5,2
913,3.522727272727273,4.0,1.1245599077976658,5,1
914,3.0869565217391304,3,1.2480608777745499,5,1
915,3.1153846153846154,3.0,0.9334354691932,5,2
916,3.365930599369085,3,0.8908083920788248,5,1
917,3.5428571428571427,4,1.1549361675090135,5,1
918,3.349514563106796,4,1.0946359758800317,5,1
919,3.4700460829493087,4,0.9649509897517605,5,1
920,3.230769230769231,3.0,0.7994080650317895,5,2
921,3.272727272727273,3.0,1.1274193453038177,5,1
922,3.37007874015748,3,1.0179735126908485,5,1
923,4.148648648648648,4.0,0.6913057060772249,5,1
924,3.7560975609756095,4.0,0.8198895762912982,5,2
925,3.125,3.0,0.8926785535678563,5,1
926,3.3,3.0,0.9,5,1
927,3.691666666666667,4.0,1.138682230572789,5,1
928,4.6875,5.0,0.6817945071647321,5,3
929,3.693877551020408,4,0.9939425030110957,5,1
930,2.9682539682539684,3,1.112244320086022,5,1
931,3.721311475409836,4,0.8894858994262647,5,1
932,3.966804979253112,4,0.9763477541688944,5,1
933,2.6467391304347827,3.0,1.1933649071060732,5,1
934,3.7011494252873565,4.0,0.9662695481805524,5,1
935,3.923076923076923,4,0.858878678176627,5,1
936,3.7464788732394365,4.0,0.9600221514339137,5,1
937,3.375,4.0,1.1976539567003484,5,1
938,3.2685185185185186,3.0,1.2368304884115977,5,1
939,4.26530612244898,5,0.9641642294708337,5,2
940,3.457943925233645,4,1.0072668101164466,5,1
941,4.045454545454546,4.0,0.8778730870830893,5,2
942,4.265822784810126,4,0.7582267914871862,5,2
943,3.4107142857142856,4.0,1.2551340145808427,5,1
